probe_id,GSM946048,GSM946049,GSM946052,GSM946054,GSM946055,GSM946056,GSM946059,GSM946062,GSM946064,GSM946065,GSM946066,GSM946067,GSM946073,GSM946074,GSM946075,GSM946076
cg00075967,0.813598124135734,0.79668747389871,0.727714271360266,0.748144298368759,0.757093254418438,0.709058369226955,0.684631121253953,0.636310844573471,0.735753755766181,0.672140831726715,0.793318276804096,0.689676860939698,0.788110165133121,0.760742581639984,0.718599919760907,0.763558070149262
cg00374717,0.81691186706791,0.784344239600627,0.866461833986432,0.877037708358207,0.849567182356893,0.899198044855739,0.882766013438234,0.87939131155606,0.840315785913674,0.877478788269338,0.775278502195539,0.852996639732045,0.8255107552419,0.84060647870624,0.871049262121349,0.820200414881285
cg00864867,0.0987925512238919,0.0990539539578207,0.0799970660769121,0.0878410071899551,0.0662822340144528,0.083339624574484,0.0693401783761216,0.0755884068745158,0.0842880499806039,0.0904574656694598,0.0815342275252946,0.0662477893325709,0.107729899564252,0.0625343343556281,0.0860495058877284,0.106893811470795
cg00945507,0.18596350046794,0.185822718359597,0.213226295286216,0.153535654849395,0.135544625859986,0.215105994370402,0.171963264949798,0.225808167654181,0.110460094549597,0.154897761748396,0.177748227862175,0.161283141882846,0.199931571601143,0.217625109047007,0.156400549448708,0.181902452765075
cg01027739,0.0643551863488451,0.063565331811518,0.0478686246534679,0.0558004857363561,0.0452950134619558,0.0602561460817614,0.0294638623895305,0.0505504658891893,0.0376284699337858,0.0459506056633355,0.0400975809783051,0.0421283042888746,0.0665142623341055,0.0461747440459086,0.0511312041268212,0.0618861471477837
cg01353448,0.53699431244455,0.545760830185545,0.442583612213026,0.443854913024616,0.441823664823286,0.475703196701394,0.448013357923847,0.476109718087356,0.468989611478557,0.426304395914824,0.479897199002789,0.40465121255716,0.446291807762012,0.457143720354023,0.443185378469965,0.420567057895789
cg01584473,0.812829829723846,0.814777638950825,0.826421210760661,0.810586756431406,0.795955691529751,0.814675499138231,0.782710128164063,0.82614550090143,0.760377049126018,0.790269131635959,0.797273462058308,0.748167633899742,0.815004728009984,0.780849468542171,0.745270202162657,0.815400758719443
cg01644850,0.158372197280387,0.170841925851455,0.0720575450588615,0.0711153178177077,0.0387330307689091,0.0300810317856727,0.0354608825156019,0.0589080399504215,0.0477037222245361,0.0400766087714224,0.110958307667246,0.0484920588263213,0.130614335173762,0.0611047351127855,0.0500364836602634,0.129626120456564
cg01656216,0.558522507489648,0.575751965568419,0.620347674671283,0.67646127540023,0.661713182231101,0.659150760025874,0.670361920261153,0.647013529480623,0.571538518778798,0.722583058738187,0.559627547337732,0.723363199583381,0.594973248464125,0.57305035623203,0.64250737118261,0.580631765075219
cg01873645,0.0519566239899631,0.0605143280218389,0.05348869900911,0.0580480452498845,0.0623945375633885,0.0589921132508254,0.0588925265596536,0.0484468408584741,0.0449514641519356,0.0495209324950601,0.0537842872872288,0.0545773064833811,0.044738442426482,0.0580168231994993,0.0582572796675735,0.0592828201710379
cg01968178,0.145421403484424,0.126194663707921,0.0913071974698854,0.118515529376443,0.11040227051208,0.124945656483036,0.0845855070584731,0.103036584235783,0.076582378195054,0.0847506513759995,0.101824501965269,0.0867533624100452,0.13564706953302,0.123004338086984,0.124248038665272,0.125737772541771
cg02085507,0.789018078943719,0.698421482485092,0.714790316734044,0.747565599147578,0.581236786847634,0.723771857577558,0.555218574892135,0.809244418917962,0.636560796353289,0.54303898684101,0.709923570850817,0.56135006499315,0.748624066002464,0.690485096610258,0.560726252812804,0.711975433166501
cg02154074,0.043184893805913,0.0348814060382932,0.0451444170403174,0.0468591543504778,0.0305875134649205,0.03199270270735,0.0228263598629579,0.0355676521078437,0.0303411541051171,0.032408907309693,0.0345953995984878,0.0226726534123857,0.0295683051555842,0.0321552326714876,0.0304486143819688,0.0310537850432155
cg02217159,0.0970390952933726,0.078008819028952,0.0806323868105806,0.0809184248173789,0.0742419061347999,0.0997263579052359,0.0987271501598308,0.0818427300589324,0.156130132475053,0.0988852654000125,0.0765400018588828,0.125521583211932,0.0732039538604192,0.12692301828624,0.122796668153834,0.0641252047016537
cg02331561,0.116878015493387,0.0428111858848966,0.0561367037746922,0.0589118132539093,0.0185353673831744,0.0336291851244341,0.0192050036198991,0.0572704978243981,0.0293279518102862,0.0216386308920587,0.0586001743120882,0.0226617176580908,0.0656936131821879,0.0342621340926156,0.0189767303185396,0.0476314008146605
cg02332492,0.899796055138058,0.900009461300416,0.88182103551692,0.894788719695059,0.886596577440728,0.872641778341401,0.855229073788103,0.889411654279177,0.887739455149465,0.867554819795195,0.88303335281241,0.875166882607279,0.881254190136301,0.897095030433813,0.891682693576438,0.892132741372723
cg02364642,0.105999857502126,0.109916734577256,0.0955365799784935,0.106195810197748,0.0748171667369359,0.0926857122582805,0.115362970536509,0.143698598736599,0.107834360395372,0.12176973084396,0.124523928724367,0.0749712793248671,0.0877964103967892,0.116231039962999,0.109099689017684,0.107271965762065
cg02388150,0.300117104843374,0.349246677364873,0.331671359108702,0.314209913229114,0.297534511106838,0.304702899877986,0.239671513783335,0.296054047512269,0.230796924576643,0.260643403387346,0.260516405411981,0.222439417429293,0.379158491119902,0.336454291292177,0.296053397927795,0.350182299451238
cg02479575,0.0764405633837597,0.0667089608352798,0.0464249026101954,0.0476148421405993,0.0437151862495235,0.0413767888356863,0.0501947227174312,0.0426265216473738,0.0504152205054071,0.033798503281754,0.0630924906290666,0.0290103941214918,0.0671480466552768,0.0610738253822761,0.0381025239853521,0.0612133764275752
cg02489552,0.226365353336997,0.214768331559144,0.25396387080948,0.304822042031617,0.22319761761254,0.238755533383776,0.258008876020617,0.28870449650766,0.226992564639411,0.231971606534217,0.256595932643882,0.178001845386503,0.318953412755251,0.231398501587747,0.261562111247696,0.226558195247509
cg02580606,0.83356689301853,0.852180687367283,0.870259191807469,0.859366069670466,0.859094586799482,0.865167356846717,0.827382653072229,0.87468184683744,0.816665592087424,0.823673669313842,0.870876088280781,0.82623100377793,0.864992560288981,0.860019701531145,0.834649497302579,0.841169249820759
cg02654291,0.16535320356783,0.152974221672295,0.168824530841934,0.208063626539811,0.137833045256569,0.180363293497247,0.187696901385619,0.202085140684795,0.124261748343055,0.202386161973017,0.152829946959993,0.230728438542269,0.194227271640055,0.172399140641325,0.192652853796917,0.196423464054795
cg02827112,0.0903738326117086,0.0895970460848957,0.081318098518276,0.0796986813266195,0.0848288089542321,0.0758803900443468,0.0670691169781177,0.0941424944691786,0.0697123277814411,0.0653566417459683,0.07828295606946,0.0734180112831158,0.0894780302745026,0.0837118975691497,0.0627716915869087,0.08776024302707
cg02972551,0.103888873616804,0.0825949556612539,0.0943998351325418,0.0946912834295491,0.085737848921924,0.0779989936186479,0.0799117386580124,0.0907598103526239,0.0874535774770016,0.0791978583780064,0.0856547812356087,0.0921825769238444,0.0897619688460617,0.0939875100287793,0.0944401715741273,0.0966712145349555
cg03103192,0.696694007953983,0.697656297567768,0.722337238373815,0.722568889111981,0.663585419029675,0.737701548634514,0.66592504320967,0.725334725755423,0.680312593325181,0.7145376342191,0.705144858000829,0.695544503476539,0.725398103162433,0.719166310017536,0.696243202020825,0.71020336832178
cg03167275,0.0785528584471332,0.0834670837743273,0.0852110927730815,0.0970848829549746,0.0783534582375022,0.0961831748271783,0.106098128350734,0.107123430987799,0.0933635001922406,0.0919308080585661,0.102882053921823,0.103299816725056,0.0884367767244553,0.0920587571400081,0.098250997504202,0.0890199587710094
cg03270204,0.797661041084715,0.765901138704068,0.730102270400864,0.750547813815479,0.716471717121747,0.755628367717659,0.688737031197039,0.831136553548801,0.677296697552738,0.679357094856827,0.782616814655324,0.660932843578968,0.772925430725265,0.734593865363199,0.707727588320553,0.773560128684904
cg03565323,0.0780117348927634,0.070472968609781,0.117097549363053,0.120537040983254,0.0987711435364321,0.160221224463355,0.117619416489118,0.168854042035843,0.077588149570019,0.146687699860287,0.0998025834505566,0.160614250708063,0.0784347394065309,0.105720083138125,0.0919559094299599,0.0720083641002097
cg03588357,0.073938265916218,0.0667725982624019,0.0756328381006581,0.0789830717134149,0.0638823931896031,0.0807071263088783,0.0740161128574759,0.0770582970849332,0.074721604088176,0.0627551919979304,0.0953363588728176,0.0640756881687466,0.0729973005289255,0.0819120463866266,0.0780833678576047,0.0798206034703225
cg03760483,0.710139974176053,0.661511461147278,0.553147911779114,0.565307463262851,0.610972613705518,0.456418555546632,0.401603237872407,0.514733223243099,0.517925150669634,0.498343372684041,0.601774347486824,0.473268224207696,0.592534835235529,0.623765609712011,0.589492697966077,0.500716483566714
cg04084157,0.193292678082585,0.140997326863219,0.126641360577378,0.146794702606941,0.0807470817817664,0.108148385858597,0.0878498917943694,0.157874145756376,0.0804881619628296,0.0770203636396176,0.128140589587827,0.0905010256983382,0.18330407356425,0.116564596251352,0.0796426617484272,0.172025499097667
cg04126866,0.821293826967429,0.811696973356643,0.831206321884915,0.851196151355874,0.856445882615288,0.871902535270599,0.893655654446236,0.837472812016226,0.796340915885724,0.867453199702401,0.825359551468543,0.885574196362949,0.812935009073444,0.811963830664975,0.844750326891652,0.810261728651805
cg04528819,0.1691615998807,0.0988145608292819,0.0819071628895131,0.112332070720304,0.0569225274110945,0.0750606961262059,0.0509305367260422,0.0947989601540357,0.0526601804225093,0.0449699392634423,0.0894300451187459,0.0414775682687535,0.112796292499467,0.0850766371777231,0.0496092289178592,0.103139198963601
cg04836038,0.181561168577105,0.0930274324027586,0.11645155891747,0.0881155644758139,0.0685110644643575,0.0788172035562232,0.0855536700123446,0.255705703591484,0.0866593015833181,0.085515430370493,0.0848926781202176,0.156629330842347,0.103585942614886,0.103034005117966,0.0987184934367572,0.114165112259662
cg05250458,0.220042882193602,0.172000916728643,0.208540985028284,0.185993205493414,0.148954311484645,0.192927140512189,0.171885443106852,0.216490820034884,0.144022790819483,0.200772299431206,0.226732412696331,0.192209534931645,0.229139785819656,0.183668412389885,0.159794883249114,0.211201125159046
cg05294243,0.256857490073492,0.278826517464338,0.324283222637732,0.338439420022739,0.298697168043807,0.269115551187517,0.218683435313099,0.279910547765127,0.224521398144898,0.236167943630638,0.300113017048459,0.18988194330195,0.309851216689417,0.305434144872148,0.237127198390629,0.267220745446925
cg05365729,0.469936103458798,0.432147047176237,0.502558661594261,0.508912836532643,0.493317700643393,0.455761646616157,0.447661524350799,0.508970665678165,0.42879433154265,0.440248345339125,0.496598381068421,0.409293473323934,0.497161136041369,0.477655341985649,0.458969124484451,0.489197422562891
cg05675373,0.220284572781883,0.198813602339735,0.199291372187623,0.207150060740538,0.119114214090162,0.217760000618062,0.0766080386143095,0.215360134345151,0.0865190909891921,0.0740354947663976,0.175661202696325,0.0500410290565523,0.226830762620809,0.169535749994968,0.0970203528682605,0.208962542625718
cg05755779,0.836234172305982,0.817756885619559,0.819515842184299,0.78253142776824,0.779875225457108,0.790864755244163,0.755393800453449,0.808155217954281,0.800766310394173,0.746466885271354,0.805476933957224,0.732361150033145,0.802864770895402,0.797890297706557,0.759094041603808,0.776201061621141
cg05921699,0.840642009153554,0.861155030187693,0.871602807867796,0.874517418372036,0.881089077450132,0.851650255281753,0.872577547112949,0.828478084467875,0.862789691614254,0.881453465811321,0.865456052720442,0.849635898682372,0.864048139406747,0.87774380828379,0.879246069533923,0.838635726188317
cg05960024,0.918460992490305,0.893558333677056,0.895390650993521,0.90186521781969,0.873488740041564,0.89466306935643,0.918602609553299,0.901714796528926,0.926029569349772,0.900306716043198,0.913590924639122,0.909632746428661,0.902452477656692,0.91363372587294,0.886238011505421,0.93540804556837
cg06121469,0.0957242194819248,0.0638680581706591,0.148870801412482,0.172397078076284,0.0849680915117804,0.0950868769795838,0.0603871129191264,0.188511085591655,0.0568903977246705,0.0580750887861137,0.0972280642075328,0.0613969765332184,0.140092670838866,0.103994267762839,0.0672538110207471,0.100746852482276
cg06144905,0.556087491043064,0.463811657832554,0.447882760480703,0.454472448261252,0.312051197236816,0.40440903693867,0.291230318444762,0.43553831290569,0.285866011427037,0.248803223502547,0.418703871600084,0.205401213609596,0.517664845081737,0.372162589283797,0.295878522340074,0.430078188837413
cg06361108,0.0453023683674679,0.0456614597473743,0.0348356384523227,0.0313952584575015,0.0197412282003262,0.0274084163605488,0.0182634775181936,0.024420308415835,0.0134098928072442,0.0167289261026136,0.0160191434963556,0.0206747046179606,0.0359927154518428,0.0129138688537056,0.0164114237322423,0.0324804189970593
cg06462291,0.20134207167692,0.12578672630935,0.128861660602595,0.181711811166073,0.0919334654493259,0.100209206637,0.0686544714312116,0.137841675019132,0.0622353369162075,0.071342252240489,0.134598952398078,0.0603714389864561,0.202355398360978,0.111486895487467,0.100279437749368,0.130521321355931
cg06493994,0.113932425034478,0.0882655699314603,0.082832190013879,0.0897392070059054,0.0444448197363751,0.0683909497844738,0.0415425112821204,0.0857704724905572,0.0444202379458771,0.0474905023399292,0.0619283356260276,0.0521799591038924,0.109650628859805,0.0758002157354698,0.0626935223866344,0.0839959198904942
cg06557358,0.0438489780111124,0.0305698588013314,0.0477578584024035,0.0304798634383974,0.0242525247952938,0.0236992127752766,0.0296300388037873,0.0359754474739597,0.0283969057332544,0.0270368371071869,0.0190492253007175,0.0264153753941741,0.024041812177758,0.0269148138614865,0.0317396936663989,0.0314017629188473
cg06738602,0.128548426665108,0.152390302192825,0.140039348401014,0.147499176468571,0.108364879712704,0.149223956193385,0.125019144071476,0.127942345230337,0.124090561723285,0.122787973433461,0.13184631465247,0.185089261869456,0.147136508566347,0.119776646331489,0.116081470426435,0.112472168006947
cg06810647,0.306054606443539,0.305502199038427,0.204537796004039,0.240580066857092,0.215226950621163,0.183608557222663,0.162060151982649,0.219742526214253,0.204546039622645,0.173650047678891,0.285612255143039,0.187818608413739,0.280009159016286,0.218597597871826,0.199555424984312,0.268907973538069
cg06952310,0.664374392231206,0.694401991650992,0.562612120821603,0.482688599467641,0.47412019828074,0.495972219148954,0.473652059454094,0.565946797013506,0.577103474962197,0.479874212085067,0.536966938265661,0.471182677671366,0.610377752279198,0.550659372161719,0.563358257025555,0.58484709111104
cg06993413,0.150893789960435,0.120230123806443,0.104968471147745,0.134931004411749,0.111356799757946,0.106201291968466,0.102296844048499,0.143722127912601,0.0955606189063016,0.0909346256408073,0.105578993986345,0.0916737181860647,0.141462488503827,0.12027136781923,0.0921896638020361,0.143394101835804
cg07285276,0.867726618054272,0.836073116673879,0.868296013143642,0.84920245544353,0.848451433656392,0.845751024778362,0.812677670346165,0.859286400468904,0.84492135155858,0.816121163177662,0.832659157280345,0.792147141050192,0.83449891799481,0.847737490645341,0.825297461162312,0.841281911574945
cg07291563,0.0361228378681978,0.0368688914222384,0.0269922648044133,0.0348771720062017,0.0290347986528765,0.0331541034975044,0.0410357804979216,0.033285352934554,0.0355092659652234,0.0301166967190757,0.0390570100202292,0.0270766341616535,0.0429589701145695,0.0314402454247531,0.0241209297468112,0.0342150447239732
cg07337598,0.79584563913692,0.796389096614285,0.684312782392843,0.708863567409598,0.704912607233754,0.681580996396033,0.694677863070909,0.578823018138786,0.714920210548295,0.681536063997413,0.740006412540573,0.65636707045698,0.758802245380222,0.742297780465,0.744722454518858,0.761127357197485
cg07455279,0.233044934434907,0.177111975186502,0.247776409644216,0.229653540277771,0.359773815065613,0.40446767727448,0.349520095030457,0.202584101532741,0.250354422142276,0.234040189085597,0.234751418706428,0.278360693703797,0.233357447125034,0.240025609008099,0.251935210017195,0.232757956590977
cg07595943,0.950228796081986,0.950871490547537,0.965094789822077,0.919059513763602,0.955257710149098,0.954888877066248,0.951724304486635,0.954975138841073,0.943183170392047,0.863712724920156,0.934988404193569,0.968812537001717,0.958268298580158,0.968094023099171,0.937509445297176,0.941996563144357
cg08030082,0.715699225594235,0.695412971084262,0.720090768651163,0.710474811619293,0.69461177867434,0.743960886763584,0.682836399791526,0.740239336702372,0.626500763562151,0.692300487339046,0.722420252816193,0.643768589016903,0.735804471440838,0.716793980000963,0.710222337918956,0.710444784950253
cg08090772,0.068452217994269,0.0834001794147479,0.0591109037699767,0.0622915344136975,0.0741453523655063,0.0845714428687158,0.062262407049492,0.0692644932429531,0.0793451117177471,0.087229936061295,0.0602534545010037,0.0681566271360677,0.0714542031281777,0.0601427040634964,0.0803336439352492,0.0615209096497612
cg08124722,0.864962401808452,0.876498658344509,0.884522620269283,0.882350075498844,0.882600710190576,0.891770530586405,0.889988805475596,0.870741663777141,0.876017950993253,0.89635577230398,0.895994213628562,0.875208771884408,0.881038297344205,0.882067594981692,0.881257908300173,0.900959348827015
cg08251036,0.865469040487859,0.832272483395042,0.847732767408258,0.839772875169939,0.825183685756579,0.862123528198771,0.824565262629186,0.875825892341527,0.841153742292671,0.800197187142586,0.86777293738839,0.816696314974849,0.861287525235671,0.843341310444242,0.811241272808621,0.850278158977705
cg08370996,0.168910091922352,0.122451480971142,0.102135757787725,0.088931425677208,0.0740246090486492,0.0926527849591118,0.0639841269797307,0.0907427372658373,0.0711209595800983,0.0588795427130591,0.11702999514571,0.0649990592912094,0.161930144529255,0.0955737241512932,0.0693425650434011,0.144535529638487
cg08413469,0.0351457627679341,0.0392763944946754,0.0398521879435486,0.0413896393962631,0.0454714673272847,0.0694170684719472,0.0394742856559408,0.0354122234648741,0.0365353818981941,0.037877023008845,0.0300013246214961,0.0365335108212468,0.0425216527171008,0.0376225113351203,0.0555447547515097,0.027779988807077
cg08434234,0.0196288331305635,0.0235916431120571,0.0143722267590892,0.0277456753496006,0.0201304774256673,0.0249993969204412,0.0283063505863225,0.0425590456991558,0.029097637860017,0.0282452941654112,0.0237028903194519,0.0214733286212473,0.0244080923899107,0.0169264979241268,0.0264652330969019,0.030378429347679
cg08771731,0.0293984229786882,0.0316934104421572,0.0254586500000451,0.0314192408301588,0.0194544091707605,0.021103370825933,0.0251307377120146,0.0235464371722884,0.0186937707549118,0.0278255933855083,0.0370286216522959,0.0214928812475944,0.0197738548626605,0.0308990668769506,0.0310186212599191,0.0296468430746874
cg08965235,0.134769449784865,0.134276204072951,0.111509029539713,0.144741682573425,0.152279359022555,0.141260126184104,0.24778234977761,0.176662633102203,0.225183013361831,0.220986290467987,0.166276743432203,0.271346022511186,0.107170976202523,0.154220924082573,0.237876611587026,0.138069254989937
cg09019938,0.0757830550858674,0.05801518288355,0.05129939728283,0.0552979884992341,0.0441981051794597,0.0624670108631712,0.0447900114135647,0.0614797469977589,0.048046637733276,0.0546040124203668,0.0595180147803984,0.0530787400322413,0.0511809956042473,0.0573658888767932,0.0504296873529355,0.0622259871158566
cg09118625,0.671255668195106,0.681634794658755,0.679446619948646,0.684990109716876,0.650464554450435,0.693832032318085,0.679543750179886,0.69722829065063,0.623349428821199,0.640635041040622,0.645178092098745,0.653706334659154,0.705790712497852,0.647149183354407,0.675163199104748,0.732063044097817
cg09191327,0.0400368977263472,0.0379451692915789,0.0391687059779357,0.0330487079609494,0.0383267257638639,0.0419152936343548,0.0408445143975317,0.0510109373933424,0.0396534223139709,0.0377181910033979,0.0389719442231855,0.0408446681361587,0.0444543001460015,0.0359808961366008,0.0435994338025792,0.0361813509631738
cg09418283,0.0284365620107998,0.0234716275290588,0.0209068084872086,0.030627719753961,0.0144789921675095,0.022176357153397,0.0233877160316477,0.0241476194260098,0.0250073565333296,0.0298086435547218,0.0299249798368515,0.0200944253875344,0.0312523549434227,0.0289679962671147,0.0215806496285716,0.0235199143487827
cg09509673,0.706089441172705,0.702571305836911,0.75641696617276,0.728982522583082,0.650004492101869,0.743130219368795,0.722806728079946,0.783161366684644,0.654253315191936,0.65985791002325,0.724974157140185,0.619769088668862,0.761133392831812,0.677868250343746,0.594806140787406,0.692229747470648
cg09785172,0.0430239162006317,0.0362642279468464,0.0430324970114161,0.0314232061456607,0.0347275257298282,0.0313797345471611,0.0476991789706466,0.0474966427511696,0.043869250369784,0.0464002214113898,0.0306095087438503,0.0458077916002149,0.0389297699079016,0.054753987355104,0.0399311156538573,0.0484357852473537
cg09869858,0.893499926594724,0.896619459546431,0.899907514455337,0.893584880074925,0.90164856345022,0.896422124830502,0.903611282562716,0.905096235491146,0.895876133375195,0.903222784320956,0.8907974622782,0.901896380433476,0.898742168477878,0.891551355875526,0.897204625590105,0.899112861828746
cg09885951,0.0255952478437325,0.0275947375130477,0.0207200916653711,0.0174165060559871,0.0304861512960089,0.0350158188792642,0.0907863561360056,0.039542972889619,0.0239149479144112,0.028281784202227,0.0260346291705384,0.0244680827206787,0.0261306615260541,0.0660658101428493,0.0308375974826044,0.0216005317503658
cg10281002,0.130030769922096,0.0953765018756735,0.103093574667016,0.115467213965713,0.0972746747431954,0.0919241255483582,0.102457707747305,0.117115474879512,0.10240645005358,0.0752498845605087,0.0914884416769032,0.0491439112708967,0.15599083203024,0.115787497872544,0.0919225362658397,0.0963322902512614
cg10376763,0.875863603096791,0.904950901938238,0.906189881743744,0.895974469140163,0.901085271499378,0.897111316439996,0.89747373137645,0.905827858064528,0.898072207271526,0.908480541396387,0.900920156959875,0.916813009563446,0.898822573199617,0.893684173561119,0.882786848438168,0.897108619009705
cg10377274,0.876032236138965,0.868289040572165,0.873476789824627,0.873989436456022,0.883744317369005,0.86966056823233,0.863681857791992,0.856719407889565,0.868771283555678,0.857045103915616,0.882139788063146,0.866480333332518,0.875968988058116,0.881217831857759,0.878199627401816,0.859207762279284
cg10486998,0.0595584431920437,0.0813792321064652,0.0875467338321227,0.0692696754690453,0.0470262575715129,0.0518764196704316,0.0663818529876714,0.0644400886921402,0.0834646692793957,0.0715990550657291,0.0443134828479501,0.0949947923895035,0.0689188286697144,0.0510911191198971,0.0568803155918838,0.0558458901204936
cg10523019,0.146203337723944,0.105349358174896,0.0993302972212314,0.114901225449225,0.0482909940087865,0.0719934063905443,0.0535330527616641,0.130191645884567,0.0518396225343907,0.0596474755546046,0.0724009016031736,0.0674993025767787,0.137793660471062,0.0718955532626648,0.0635490845594128,0.0873591259457881
cg10920957,0.076686512144252,0.0791735635337577,0.057832798061059,0.0655362797339992,0.0763758753097562,0.0728581666107434,0.0680127791458076,0.0792214903263451,0.0789622900393249,0.0904822966128022,0.0751378344277592,0.0718078345267131,0.0812521374088294,0.0721826964283226,0.0704337581289,0.0710247082575206
cg11932564,0.133632834983059,0.0849343386479285,0.124201294670169,0.142818498323342,0.0576388393772105,0.148949427889923,0.113505582585935,0.127028511463242,0.115736142327122,0.080136010202031,0.11084179063376,0.0433745725629687,0.139504344051349,0.11477504833644,0.112936761283267,0.0998304232192669
cg12351433,0.260937066231973,0.224331285260812,0.240798438463217,0.236824957232815,0.255456502853258,0.225237938876341,0.199084639634242,0.187342374325739,0.201124568189838,0.180300814404744,0.278924172784471,0.174360881026361,0.250925912139659,0.223290581168401,0.217378273629657,0.218855313324783
cg12373771,0.160633487881909,0.114053030661922,0.168220629232563,0.136490970464145,0.0582803530863124,0.123862515049241,0.0670143284886522,0.224477139604268,0.0851448284698156,0.0630777721136176,0.128329069753378,0.0664743108027829,0.189153847266309,0.0686586937256428,0.0465455614149489,0.134002382615236
cg12768605,0.199150941492465,0.0637923974566568,0.134078051439152,0.172887673979858,0.175098972541103,0.0911213258694713,0.125150412708557,0.135198861536727,0.210118087332214,0.137985766212292,0.0591158723554752,0.146525553180078,0.159977913385989,0.168817097191309,0.168569384458184,0.186015325603377
cg12830694,0.886114659062046,0.884283488764551,0.893548688179432,0.873744193172911,0.817678596067854,0.880048061878827,0.856960133346844,0.903296340729694,0.879567816666489,0.82418710249545,0.875840485187704,0.834885560161801,0.864100606413814,0.869591948284536,0.879841530528406,0.913096705942097
cg12946225,0.114050939664916,0.0776267269957063,0.0739251326475699,0.0734430086156155,0.0466154339536658,0.0666366622784393,0.0556940506418079,0.0813772625989218,0.0713652246404235,0.0541968485796523,0.0697061640936416,0.0389628009327728,0.0820778432066315,0.0616123349223014,0.0540867362103868,0.0844882724221189
cg13038560,0.921886173772482,0.884372520311422,0.927761286274433,0.92333979723501,0.916252160036353,0.913641472677428,0.921641308238908,0.935519035231522,0.939639338795735,0.904298980901027,0.908139639810524,0.944913450822556,0.91105607438945,0.918834104471244,0.899697647961448,0.892881540763657
cg13216057,0.0181488925088124,0.0330523270896311,0.0249148810922829,0.0328993205069895,0.0281031962639453,0.0283332566097745,0.0313616444603033,0.0315715770239135,0.0246637058926372,0.0360325580447487,0.0329968276481114,0.0282447534858822,0.0296180803763167,0.0323602844320567,0.0249479110256696,0.0425270669664029
cg13319175,0.569902054139579,0.611465914783842,0.620784717311792,0.647319134932027,0.672058172336518,0.65395089635344,0.62773527433081,0.65375403108539,0.545327128714815,0.66518798608778,0.571356062434105,0.623722088156373,0.588946201254858,0.577554426878886,0.618527614507746,0.558282613845368
cg13460409,0.242013476387622,0.358719019351199,0.222208217384051,0.182096976187205,0.187431714473707,0.301501474382806,0.156472032513949,0.241193541930542,0.182989351627657,0.16925702370727,0.20266060016975,0.138778832946123,0.371279378278635,0.247992089754263,0.145509713363243,0.231574548880331
cg13682722,0.173718646588892,0.111480273469753,0.142040279652615,0.170309193649785,0.0908289753095289,0.111240519624252,0.0826444114974244,0.153674618264688,0.100302786100224,0.0718275576143457,0.127174675807932,0.0859404357594272,0.148857219617628,0.11541693737289,0.0831316155792884,0.139197004621713
cg13836627,0.0751005868391273,0.077867658877083,0.0689576057352433,0.0870299975833503,0.0988289923345251,0.0774159975857321,0.0667471346492465,0.067634086221225,0.0606243568118308,0.0673548467811782,0.0650780730786974,0.0681038130980788,0.0803845022078622,0.0830325867746817,0.0984686775918477,0.0742042664154168
cg13854874,0.137947638980306,0.117161913205743,0.0993938226611496,0.130183970923219,0.0754944203393264,0.113707724160482,0.0799343894995631,0.107031877220444,0.103748844719484,0.110091142610627,0.0839708206409583,0.0941887427185043,0.144178696900861,0.107751137162628,0.101475709412445,0.120418454578161
cg13899108,0.472138113798119,0.474005406504771,0.44810270964718,0.443663437119992,0.435733160438492,0.403299548151538,0.355254775258904,0.412160581635774,0.479438183083841,0.393750613707773,0.441885775807558,0.387047578818052,0.381242144392932,0.501663264540638,0.458271647677201,0.423658545062677
cg13975369,0.18473224348102,0.135333137782945,0.15404158110956,0.150096321192037,0.0639997078876888,0.121737796642015,0.069284422757091,0.126587274986161,0.127150973386408,0.0934388537613555,0.114829277625573,0.070045863576741,0.128651427430679,0.0766212760866092,0.0750739927436842,0.158092016570132
cg14258236,0.752305834577156,0.724110129337672,0.800593782307724,0.827125685211829,0.785158175089939,0.825041269972756,0.827435416029676,0.825227357782018,0.759015854304934,0.817955227265075,0.763662038263192,0.811561117893633,0.811002328580218,0.799039168387824,0.817694946591846,0.757206622340863
cg14308452,0.870742048927726,0.841605253276339,0.885744260732532,0.900486937291125,0.88242217266836,0.880422668513826,0.891025795244962,0.87249794597851,0.884873460332023,0.895890683829743,0.871574236090895,0.889746300370416,0.876696111442428,0.886214019493013,0.893479989433613,0.876101261650716
cg14329157,0.224036607338175,0.197722475661877,0.137011280042769,0.166007412706338,0.119731386023732,0.169056309394113,0.136953500999784,0.22968326713027,0.162731520326307,0.112963699077863,0.198078069081368,0.124624606230992,0.185104233959185,0.186920020775464,0.144367991958357,0.181492897124825
cg14424579,0.096968669173678,0.075615045038507,0.0589832423844298,0.0607400324343108,0.0453700456299215,0.0573188486434983,0.0481636204947904,0.0726320393637839,0.0593074670449785,0.0485781785321032,0.0710985086591629,0.051527805444568,0.0775927858089319,0.0589519057645405,0.0496068974719804,0.0766184226692308
cg14501253,0.0465381630935021,0.0460797832806439,0.0701626131721735,0.0473516564188337,0.0578040033836669,0.0503541895411175,0.0466226113603565,0.0570642865865811,0.0502104554967419,0.0520443217164135,0.0335486044182112,0.0576073079649001,0.0434458763474495,0.0404044253592473,0.0637985847544792,0.0547212170143684
cg14658362,0.0583315780643926,0.0553977195384585,0.0508229048428552,0.0411961599495056,0.0467773378893616,0.0405346003835646,0.0458914511766787,0.0400986349390975,0.0434953549625417,0.0393197873039905,0.052544828596924,0.0386664551585029,0.0512192230650993,0.0450083363747236,0.04359887045408,0.0549003848506959
cg14723032,0.848633738885599,0.839848462449166,0.81780735624497,0.824452994464273,0.829089554958676,0.784761130219628,0.797061735629494,0.799942133936516,0.803153291653919,0.762221408799754,0.83617617023381,0.723051862227627,0.831846426543946,0.808699636989835,0.799860743264986,0.804682326142135
cg14894144,0.516638876907464,0.441424566204136,0.511005871535408,0.456189619320567,0.439985781016564,0.489369280836012,0.377858156475955,0.493915395758646,0.371979321731024,0.374829814360034,0.502195587729999,0.386286345043136,0.508151818993831,0.515530293446662,0.473309572841616,0.473245380043103
cg14992253,0.0480679187399375,0.0636495786894696,0.0571146574620849,0.0766842939519246,0.0545876134776722,0.0734924786013906,0.0424836397865631,0.0484254804227341,0.0432186271100323,0.0386800803731229,0.045407918038089,0.0350385295927189,0.0509166351815471,0.0413879390634355,0.0567177114015859,0.0516386013347429
cg15341340,0.0693643446823567,0.0732459469160165,0.0763184858351061,0.060923580360954,0.064375331764447,0.0686840946491818,0.0790193462314537,0.0660445886362945,0.073066859065341,0.0819867240566881,0.0769506872728766,0.0655008832271451,0.0644168922679922,0.0671588464467555,0.0856760823770837,0.0755445740485624
cg15381769,0.0256113752195777,0.0311902365170556,0.0325537126379551,0.0412584066478742,0.0325326466107698,0.0331872099664738,0.0382209595523881,0.0380378766754802,0.0386364048292935,0.0403853927164826,0.034221746556356,0.0376178074357357,0.03627863460382,0.0346872271489546,0.0283420788416406,0.0259342807530747
cg15547534,0.157442970130642,0.100333199209552,0.113973605211198,0.132204067384591,0.0761078103322952,0.103227023826946,0.0659983071892156,0.0832949104028308,0.0600784466980931,0.0827535039444158,0.130738097478031,0.066355912019158,0.127167217179555,0.11004853038443,0.0696091652908931,0.0953638579846366
cg15661409,0.802152862915184,0.803728581713494,0.868419397900525,0.858595855998801,0.835586550606646,0.863136622625559,0.828817993570485,0.896453048238403,0.793707597800132,0.815695499625841,0.807092854975603,0.797723007351062,0.854052027556358,0.816817235950431,0.827956764677307,0.820137099719528
cg15974053,0.0578675998505234,0.0659127085650911,0.182496093845112,0.131069518270629,0.0799161366993325,0.124749683793031,0.0879781820452322,0.374749022522692,0.0980113888664023,0.106662563571443,0.101875334742596,0.134718744274207,0.0689249717859061,0.0480329403698558,0.0915293141031683,0.0640081883773401
cg15988232,0.634564396758647,0.61901823009805,0.50149271229017,0.473820573472875,0.486057737628751,0.530244136612975,0.462458947100571,0.556155289288548,0.50840234878774,0.428325039604481,0.546099118194632,0.437945597215239,0.526724739889082,0.526991569341754,0.493559790980117,0.570832536407735
cg16150435,0.815428975703681,0.817194903133713,0.823279823205528,0.807116096033332,0.820059700756383,0.829484861066983,0.819787064502201,0.822540220129479,0.798832922319537,0.806762312515053,0.838291175608513,0.750776279983639,0.813482467460758,0.817618049721517,0.805048407584908,0.803555076256363
cg16241714,0.0429900657154696,0.0193203564510369,0.0156891458445174,0.030811088619673,0.0122211508846413,0.00949676049809686,0.0105003024264416,0.0243950259774519,0.0104027666129726,0.0158525813599315,0.0144706373376815,0.00985003601437664,0.0284627063370849,0.0145491182485246,0.00922938416163271,0.0210951348262542
cg16494477,0.0961840697397323,0.08357711347605,0.0782523224003857,0.0909620371406342,0.0902412922081625,0.0905342046145814,0.0885727372439006,0.0732658886600652,0.100010076102122,0.0799204242535685,0.0881055184673346,0.0842470619115093,0.0904055803678975,0.0882756458201173,0.0894380566744921,0.0829340003154946
cg16547529,0.500558730473719,0.521575139900039,0.501010549542298,0.51708329967629,0.52674256403222,0.527598618034538,0.490262877545881,0.54924701933308,0.505526314185065,0.518074832385945,0.49591534249906,0.453937083376621,0.494461389123078,0.502529281027674,0.483798106770732,0.503811500241046
cg16579101,0.0558323181202521,0.0537536508089602,0.041589936210905,0.0366739954898913,0.049866711381399,0.0315789367055144,0.035135174675083,0.0359645436010756,0.0437261641815537,0.0344939263011699,0.0539103853028803,0.0372148760994807,0.04405825187204,0.0488725641202695,0.0483018926842244,0.043692915976188
cg17063929,0.241363637664258,0.228740873117232,0.287201664456729,0.317329688687346,0.274924979831814,0.26618068100679,0.26312931872584,0.247636217334104,0.227567584732472,0.269474201717023,0.26096337342057,0.222384188328775,0.242759117468615,0.31972847584084,0.291460617726435,0.265147057299602
cg17099569,0.768106129145046,0.707413024168584,0.755068615058711,0.753366692106607,0.754947449407981,0.793893658966353,0.754546413298801,0.852035840370404,0.721250349902089,0.689401742409867,0.718815238348828,0.624261543237579,0.735281191855643,0.680683366915218,0.8472193780229,0.772998166392132
cg17285325,0.0911090042613207,0.0565658345753007,0.0496255796894351,0.0548358350573912,0.0660212528779568,0.0593238088597819,0.058888272249163,0.0537800133137487,0.0703063059172856,0.0578038036115603,0.0636182180972524,0.0452933840133167,0.0765830317377464,0.0511452407436387,0.0542837483917982,0.0543034924484046
cg17408647,0.0599063422836266,0.0776966971565024,0.0695216328341745,0.0565688420196869,0.0645843911123124,0.0695049750970381,0.0710923758715951,0.0654345334945434,0.0490699045221143,0.0701407050132384,0.0644394346165698,0.0660487574776514,0.0659677238297465,0.0722426653695838,0.0825852628824068,0.0688578745804682
cg17655614,0.490488540380135,0.460180925825228,0.449454292378163,0.436550948710775,0.451774429178247,0.433487779196942,0.410115160080235,0.472107052117555,0.398763329579879,0.401844579870751,0.448917349379588,0.400118745449735,0.475323457999882,0.455923540018616,0.437065962392928,0.451568774776049
cg17729667,0.180735680107554,0.160846293484123,0.103031099859904,0.117702915865634,0.120286149122949,0.0980994782274517,0.0659023626927364,0.0997550227156068,0.0900352787727646,0.0831230957345065,0.115224953742531,0.0627063147622069,0.133021280490574,0.0937378622423799,0.0677151859703258,0.12859783072574
cg17853587,0.0550477006609241,0.0616018964527195,0.0565207298310219,0.0658859576788743,0.0570748293407516,0.081709348636425,0.0648676414845816,0.060591977629026,0.0634219158041811,0.0695010934915319,0.0563792934520334,0.05311062203566,0.0571076339790048,0.0594562856181189,0.0532089014678414,0.0591289003094021
cg17960516,0.178379499838189,0.134453798028592,0.113913000927679,0.233908439703873,0.145137463411744,0.130767781130012,0.0903506690188545,0.188069911517915,0.135346787006048,0.118511223156172,0.131714223582042,0.0934438750385077,0.205378696879369,0.131673269298338,0.158332368200976,0.123175125528653
cg18055007,0.215565186586235,0.175913575879106,0.181350783449011,0.211223939866847,0.159615538527636,0.16853158057057,0.129586057080069,0.118330276006372,0.133456494427655,0.101889227110615,0.219655744667906,0.102119686320713,0.202973071597034,0.196171959190983,0.108621647227464,0.176590391377188
cg18180783,0.890406167864603,0.86666781817267,0.883325616252667,0.87656707125842,0.886796237394702,0.853809428408895,0.846358766330582,0.884333760286907,0.870150671793047,0.842596589624475,0.874645575845893,0.867825010444489,0.899693069946482,0.867370107406687,0.824962459688645,0.866554151898069
cg18440048,0.215473227137767,0.150949787207994,0.186843699716684,0.153876652567787,0.195186828826592,0.144115232402797,0.161410223938676,0.147501076460155,0.196255023791194,0.138535551143896,0.185270091496551,0.123321314565221,0.217913777942624,0.141969982427029,0.184208314329886,0.128643388363437
cg18573383,0.0924069513629308,0.0771003317010917,0.0470935464567982,0.0607583181135721,0.0408557708535825,0.0520761114031925,0.0393982012253695,0.0706423468340925,0.0435805780146514,0.0394938063490471,0.0628119327101571,0.0359811991669529,0.0642280256248837,0.0497572673464164,0.0364760149374878,0.0868541151868965
cg18983672,0.849334789072646,0.87912105561435,0.863195846098531,0.850867319953142,0.808002188733378,0.813446902976393,0.732380692694333,0.87023439214762,0.798605252236943,0.719445414229954,0.845661400877181,0.696791050432528,0.848507721378031,0.820484505990959,0.78571464421706,0.854469667151375
cg18984151,0.165365963574573,0.132348888475228,0.143419144133862,0.141436295250085,0.11360648831363,0.130673297442669,0.122016081611732,0.137183585532994,0.0946423356685627,0.114191884099238,0.128404349247961,0.111154436813726,0.135289775532894,0.140907476490526,0.0787303479219723,0.125018766642925
cg19008809,0.0696733532831246,0.0488128690894038,0.0435796563765561,0.064576540208779,0.0516346411009161,0.0493238707501004,0.0455099418951348,0.059212319477715,0.0458009077217246,0.0464672270301212,0.0414249683004924,0.0457432444939907,0.0512056694255971,0.0557109124705804,0.0490977209284517,0.0479007077609505
cg19167673,0.0563471824666862,0.0499683977777046,0.0450927546232218,0.0394750072742023,0.0578639650758426,0.0473382744925622,0.0480120974659757,0.0414014704451739,0.0416462905561653,0.0495211550265304,0.0411863457976305,0.0467842336897956,0.0485301533108369,0.0482438690212414,0.0416820893209197,0.0453225792997142
cg19273182,0.0546597025602762,0.0500958483985785,0.0492388666685636,0.0501472381500949,0.0578696587380825,0.0459759393940551,0.0518603227158817,0.0475722532707896,0.0575319897745913,0.0619743622211552,0.0570299447360411,0.0642871058603094,0.0488845546988157,0.0563527183687996,0.061066265786105,0.0543675918215837
cg19305227,0.812808276663086,0.802242395853184,0.832623154604343,0.810776033359714,0.81691779478134,0.82954951235597,0.811147656977438,0.801163167038009,0.815264228517084,0.816273662014925,0.809059851419927,0.805112264481929,0.829062998744592,0.824320085729661,0.83184879616913,0.803647322454497
cg19346193,0.866297299121741,0.8814476845345,0.858444600231263,0.829495724468068,0.859897803865493,0.861287922046948,0.893415353124093,0.879263796488138,0.876641927744741,0.865649348642632,0.85074417564993,0.865016767816745,0.832875165201861,0.868350228024559,0.850737603666525,0.867447194773423
cg19478743,0.0669014765857895,0.0585670433718781,0.0472240150848874,0.0611095680343837,0.0575487237851741,0.0567108482997889,0.049418395713328,0.0579961643757281,0.0398900429610556,0.0526632346625318,0.0595574222873084,0.0418161212018951,0.063423666839416,0.0484522273895694,0.0456138173958275,0.058860864588228
cg19514928,0.0516938712876805,0.0762432871501892,0.0433485409562484,0.0699721765019515,0.0489381818260997,0.0595657995525116,0.062523786748014,0.0863212404600567,0.0520616270033284,0.073410064268396,0.0467524085250895,0.0539430328033472,0.0528260298077812,0.0446136344048655,0.0664081034611447,0.0521586073498516
cg19692710,0.821979289208867,0.812440088548055,0.770200650932503,0.776236245095651,0.780969801757043,0.794728974787153,0.733643065575568,0.829199370285079,0.764388958551282,0.714848095659368,0.824723333631666,0.688033097133486,0.803454102995302,0.795741386552643,0.753249117046719,0.795308710693054
cg19945840,0.52966220005129,0.453874710817674,0.460483937673376,0.456414393889785,0.39469442554125,0.436720985325751,0.392924069402841,0.493901842476838,0.461264667731794,0.368109865734708,0.478248782241364,0.403610052266614,0.485756247616889,0.44167467488615,0.440680807261787,0.475835808248888
cg20295671,0.00528225953835467,0.00912828180375791,0.016372355908216,0.00817837890718589,0.0134776997328403,0.00799561363143646,0.00577765245978877,0.0120623591471997,0.0112993825266062,0.00969701444518961,0.00868831020467631,0.00541176541315767,0.0123570068603413,0.01100506855762,0.00943842606642024,0.014297297611904
cg20305610,0.0501762384469417,0.0436802044286371,0.0367216584017589,0.039239435689004,0.0284327869151338,0.0395765652546331,0.0437615441470594,0.0502428933442837,0.0387011353545061,0.0629349442952813,0.0366262634807992,0.0457869436106524,0.0433139568623089,0.0398408845127951,0.0379508957412305,0.0337985463877164
cg20524216,0.0348375398141758,0.0336110549622044,0.0261082759214326,0.0337021032927008,0.029104639955637,0.0293684509937497,0.0303321583330129,0.0261939015805169,0.0372357049247526,0.02809303353199,0.0313880420356753,0.0361749790101692,0.0271614839116053,0.0296793646319346,0.0312667019493889,0.0287088349958357
cg20692569,0.321430487577509,0.242548088302078,0.258099072677454,0.270589625605213,0.0990031269017649,0.210444593933595,0.186514105753827,0.366403821377962,0.131545681610517,0.17666125729651,0.260576331254492,0.224034934490613,0.267176573380919,0.208449942490777,0.158200388429763,0.292931648312982
cg20761322,0.0898026345828704,0.089364527212325,0.105299715441703,0.0581266616842097,0.07341347089506,0.0688803107640398,0.0781173570157855,0.172823083880961,0.0770670804158559,0.0762231998623228,0.0725441537301136,0.0538870624842963,0.0984195202821273,0.0938537614024502,0.0757573263067006,0.0856961494423213
cg20795863,0.919319834615112,0.940067356704405,0.886399136460035,0.918324795204858,0.87356035324153,0.885691361149297,0.866207383793145,0.910846413280492,0.908599547902889,0.877017087949663,0.921400347586788,0.896354469207699,0.914137588511192,0.895060970584439,0.910462115436477,0.922284278230777
cg20828084,0.854427197404984,0.878725787008846,0.799664821220454,0.84076061691955,0.793408887577013,0.809033109976266,0.778331608768714,0.856415123414998,0.828436158437194,0.771102642991029,0.829830927647945,0.771603648728121,0.850706218305587,0.846639855719242,0.819774590453194,0.836897192671851
cg20914508,0.204464804301553,0.200999246126854,0.199842093226135,0.182062573847522,0.185476591578444,0.164643303831406,0.183249684770999,0.215303886178074,0.200632826148543,0.193018496884012,0.190905865630867,0.213561901792982,0.189556218700287,0.241177058621529,0.202487119424255,0.187006478522454
cg20947775,0.0444387804118538,0.058734686490878,0.0440465741698216,0.0419610265584372,0.0521098587097412,0.0422442233941769,0.0454338723515022,0.0505276408361821,0.0531717169055684,0.0593793436378567,0.038701117164202,0.0521512827221992,0.0456386774091979,0.0459692548269308,0.049688148169862,0.0480135251293679
cg20999813,0.0388889841909695,0.0492168050336762,0.0712319545636636,0.0495842319222234,0.0444680299909327,0.0515438881558367,0.0425143140317153,0.0437879334946642,0.0515829412481522,0.0433539297978853,0.0424146137866237,0.0481228073083165,0.0499977610817819,0.0558595150086317,0.0476241834232514,0.0548036629100265
cg21096399,0.351275136909298,0.313705310852338,0.374617546841618,0.404581111436749,0.26275702286875,0.34941055040474,0.275494360246165,0.423871194617501,0.230944039841121,0.22776749809395,0.322488554135625,0.263625367861984,0.344650726494385,0.299184153919511,0.275137197571367,0.32216646015226
cg21378206,0.938048449399235,0.941846894039263,0.948110545005516,0.940231862965482,0.955789609014282,0.941604864559022,0.942069458076606,0.946744220448261,0.947833456483583,0.937502958136966,0.958348715868638,0.938596912605766,0.938749898279008,0.945581477701202,0.934970412049646,0.951692926531023
cg21460081,0.06607627710847,0.0644609586693744,0.0789969959184067,0.062068287980993,0.0629512128621528,0.061759279597727,0.0610234853348969,0.076176304286356,0.064132398746424,0.0655117421917829,0.0684539285376511,0.0534479100196841,0.0752659923245074,0.0701930685057534,0.0672337632412009,0.0674110247023193
cg21801378,0.047533875442993,0.0262337039310345,0.061668677380719,0.0422632689701254,0.0212083829913511,0.0319631290418417,0.0154824938269184,0.0795549088958367,0.0128868892050196,0.0133321788414154,0.0361097511530481,0.0145838914882967,0.0511080020280203,0.0182479128451047,0.0179795216752633,0.0352554062596223
cg21870884,0.221609998208322,0.227086456839736,0.200466587986589,0.22003765885055,0.0809552490381313,0.179786935094646,0.238148229989954,0.275304919128627,0.162797136357924,0.103805272689063,0.125709712346342,0.355187329436952,0.196844008940985,0.143643997874916,0.193637399552619,0.156472039834055
cg22006386,0.092577340348149,0.0900749064295475,0.0904622314599722,0.0954969988496704,0.0892137954696722,0.084778262994467,0.0761313668455154,0.0794256184648089,0.0842643884884531,0.0812121369266212,0.09508999340297,0.109449554708625,0.0911313548076277,0.0991585656031131,0.0911361533451372,0.0847009086086662
cg22289837,0.588284567689942,0.577402991414514,0.510848060769546,0.474719820804503,0.460130326484254,0.482917531370735,0.439331618576999,0.44446177459278,0.471131846220261,0.463594983516891,0.496151775250832,0.461284835083944,0.551335535551987,0.507973304536922,0.493202030390266,0.544618137539723
cg22432269,0.0330005006414935,0.0229097801265954,0.0350501706035146,0.0245434245199463,0.0268585866503309,0.0220010037341002,0.018885472363722,0.0269718292176875,0.0148729222316367,0.0214766402104875,0.0244184362310955,0.0191279759049654,0.0201222041456832,0.0178567007795476,0.0276895771042698,0.0188677296723371
cg22449114,0.426790831858681,0.404866684345809,0.453710198514437,0.464518967295634,0.404517387813834,0.439718571756884,0.343327840585001,0.456204332267762,0.371105290077703,0.355252973335475,0.415753557609897,0.317984064748616,0.435031691869951,0.40630148464761,0.363681924041531,0.414107736574867
cg22679120,0.618667533325393,0.567858922818974,0.553195607511014,0.543418656223105,0.569314716866199,0.586671449134165,0.547362932648651,0.581401215553495,0.556381373427633,0.566533812616539,0.577058056317974,0.558662757712412,0.586303898538931,0.53364057962053,0.536785233605803,0.590839537590817
cg22736354,0.268050347015934,0.206767064660073,0.149095416962823,0.188903934171146,0.0608754655801799,0.106006760532839,0.0636877275050692,0.195702044729144,0.0917602532103869,0.0604752301530515,0.146463015043242,0.0576561075787614,0.262507743014403,0.138144837271022,0.0853463414168639,0.192448647059818
cg22809047,0.621305878492312,0.556627404761102,0.432415926758659,0.395137273528624,0.264035995963048,0.336735066853584,0.279168616118991,0.435729198807608,0.306225205225947,0.241202859324599,0.381254282941775,0.253857720278814,0.46774210093474,0.417276241133625,0.290750722869426,0.445103235639513
cg22901840,0.594019577888911,0.587196745625666,0.588170078099996,0.609970574791597,0.602923067530438,0.605386888940459,0.606591175063981,0.62211010000408,0.564007350837215,0.601995149127917,0.594006829468776,0.610542770972244,0.630297949333828,0.574357708834225,0.59210781730783,0.61452405023038
cg22920873,0.0249573565658124,0.0181651998011317,0.036877183293075,0.0269518730759652,0.0131567014868845,0.0189427220530814,0.0269310493370838,0.0370845857314229,0.012897618427926,0.0156704272030068,0.0248034068823158,0.0148394389585944,0.027807618482847,0.0207865166753171,0.0144322394825818,0.0252620447354522
cg23517605,0.191891629254155,0.181675869615705,0.139856767023915,0.159832611241051,0.127430709958112,0.130655530629004,0.104061950084821,0.176090729826536,0.124392669340229,0.118730734522318,0.121068782316491,0.0831482848942546,0.138361050615086,0.133826158276643,0.106243516086329,0.12951630365682
cg23662675,0.0655045648468889,0.0524595330507692,0.0657741197966073,0.0984674738211074,0.0400175241849398,0.0707388091082246,0.040630043567459,0.0655812611743375,0.0362666488422385,0.0430953788173151,0.0620653128579779,0.0356166663753852,0.101860798186086,0.0462662950988571,0.0375726428793626,0.0666369897209501
cg23941599,0.310994672010404,0.276046834981689,0.23178852457795,0.220381602695691,0.20841362344352,0.208675975338377,0.197211073182036,0.213167394371127,0.210347706552657,0.209821762885456,0.241644037533365,0.209268666297836,0.265102384343836,0.244771149365941,0.195642585711842,0.272309827942073
cg24116886,0.899236363719811,0.917242914181079,0.909216956007923,0.929681371765443,0.908212315801417,0.915912041646925,0.918436368831272,0.907274231395897,0.918050598625237,0.904174070020714,0.896909220861141,0.918268132985856,0.88657961307698,0.899292313500079,0.905041338001685,0.912506196823782
cg24126851,0.722118870703405,0.711294702702705,0.716702004445619,0.712196180495925,0.683986646672599,0.716587991015676,0.668136601598084,0.752774014624655,0.64332798817484,0.670374641248172,0.717875423966491,0.583643438159345,0.719054068929449,0.67781583581124,0.677415723368041,0.693115783254445
cg24254120,0.0556400350589334,0.054383059982361,0.0483404668917404,0.0551076393709502,0.0531288766932466,0.0529145983895731,0.0484009406396576,0.0651173912476684,0.0470104850933333,0.0506534375710342,0.0527295253293316,0.0404854234111371,0.0718329929995926,0.0558398098451868,0.0465791620811733,0.064532019535484
cg24262469,0.378742574778854,0.414001948062905,0.391257109092849,0.40168525892591,0.353487986246774,0.459299969661576,0.277893648036036,0.332583235077002,0.316256610791951,0.240996360970825,0.290686006099287,0.328125177969882,0.417366410998886,0.335473854392945,0.307383811710385,0.352652305905177
cg24450312,0.128297046577247,0.135328714223392,0.146898414939652,0.103548292019903,0.105653895224791,0.115076630621513,0.108559582515363,0.107247801197395,0.125077030654891,0.111866040298766,0.116831653081378,0.150322049174429,0.102065727617964,0.125631755411705,0.0835794079246199,0.121329047649066
cg24580001,0.932868176627532,0.930086347851513,0.939787273423363,0.931616512241073,0.946037580646794,0.942325364313666,0.939807815889575,0.937744870680299,0.920125646353596,0.932898551079231,0.929090123475097,0.927509207486172,0.921636411839052,0.920154738363629,0.920118654612357,0.930159761105767
cg24834740,0.0369224900256925,0.0333615493850252,0.0463608957193047,0.0588063746502673,0.04396809661232,0.0536512475947067,0.0431790892081724,0.0512172815603726,0.043716065684354,0.0524988576404603,0.0430631931464666,0.0361002371448496,0.0407511453345027,0.0355953883846896,0.0403294918544912,0.0366860832044998
cg25070637,0.0747921829954219,0.0712700489364718,0.0774515956417617,0.0706435091632971,0.0733358258044178,0.0816762064734066,0.075693087718907,0.079159993366295,0.0853699195230514,0.086231190838992,0.0864061989613549,0.0896908862858512,0.0824179741946954,0.0728351765749176,0.0820747983063445,0.0834995665680475
cg25148589,0.104097602664427,0.10602378535521,0.1282886993293,0.142499083322747,0.0950573791196123,0.146061248021147,0.146983821660106,0.189166113520118,0.103448167616134,0.161568169598794,0.0985156738119708,0.207125999730111,0.115192105197945,0.13968901721151,0.097381822870627,0.0982397196154581
cg25505610,0.0758267392827384,0.0636620370482451,0.0558645350798372,0.0536860372189506,0.0517831638319405,0.0461838212071584,0.0353299008071083,0.0556420937236316,0.0357443680843675,0.0370779215885358,0.0543051964930577,0.0382639975667365,0.079624625406082,0.0525708850878885,0.052268113729987,0.0759798769360183
cg25552492,0.0497883252062496,0.0456422631966371,0.0627136387544821,0.0766891643603312,0.0563749628369864,0.0608511630979113,0.0715323963410777,0.0848119509896661,0.05568676590774,0.0607943536241576,0.05235594865375,0.0560919189694927,0.0440916339171182,0.0635745302919857,0.0865768188473273,0.0443884589039313
cg25683012,0.0399826793344866,0.0436665147458722,0.0508204474421249,0.0509810511541413,0.0443006881387313,0.059050466822205,0.101751936905433,0.0548888924989092,0.0568601961724321,0.0898070820180403,0.0509260200558621,0.160280805787287,0.0503990033617776,0.058433136243673,0.072353771958299,0.0511232602908851
cg25771195,0.572515543579389,0.517442240983662,0.56540446707474,0.521279638169133,0.447621132261033,0.517829409093983,0.5387006313149,0.557453945579348,0.555947084625081,0.504994158790581,0.504170503748842,0.487317128561411,0.591819006942833,0.549025226263614,0.440197616442602,0.520848420069377
cg25781123,0.0961291843280806,0.0845985949527571,0.0974630903182918,0.100526824800925,0.0904779882930848,0.122585538344962,0.0928978576843583,0.0809158255284071,0.0704869566886146,0.0664748196898558,0.0837214199036164,0.089885189461863,0.104904493124483,0.0928654898472535,0.0786029770072322,0.100144317991028
cg26003813,0.138144671651684,0.10630267042943,0.115884073988914,0.111509236284265,0.106976788437781,0.0933029187273019,0.0827038308242052,0.0988589757204532,0.113895104420429,0.108939037391916,0.118208328642718,0.0992627766377937,0.10257251867669,0.10568873250838,0.0947268846216414,0.132165392487111
cg26005082,0.101261897538678,0.083930874117959,0.059663323466046,0.0602899863329815,0.0825616613232512,0.0546898190382574,0.0340346635874874,0.0515132833886253,0.0419590568123045,0.0383425998782697,0.0661241848363466,0.0387437148501642,0.0787303525742837,0.0464505063446257,0.0424948504213874,0.087043609548597
cg26045434,0.141713346013751,0.120600191064657,0.141854343603974,0.154853319564799,0.104364909192129,0.124042143519509,0.122900720671769,0.107601453012965,0.135964948892422,0.120711838673393,0.104063989561448,0.174032401706805,0.138279784126493,0.0973999418789885,0.130753334594457,0.0858127905159006
cg26297688,0.0675640397390612,0.0603817775476179,0.0490408367152364,0.0525703441135847,0.022748327506625,0.0336960844265954,0.0331371585230578,0.0659236440282889,0.0380167591210201,0.028698989711285,0.0385693937860894,0.0320075320410384,0.0615976459450185,0.0423706255810813,0.0294918818308944,0.036786483685036
cg26372517,0.361203771793397,0.35635215969382,0.238614132147244,0.291019002377112,0.2034707475572,0.237953284055573,0.223491949661167,0.246720559721265,0.266802956393601,0.235382050383459,0.282565197589035,0.219825144383223,0.308350655342436,0.272318243818673,0.209971292324824,0.235132391546554
cg26453588,0.328168626914067,0.312554815502914,0.356349574734526,0.391428329846199,0.259420353259827,0.304012498613091,0.267855783923862,0.356303956225059,0.29526600751651,0.259196208431245,0.35459635875951,0.256645008407944,0.359171898016603,0.31822271062783,0.328258060039281,0.321877318700627
cg26620959,0.122615253291899,0.161714380140967,0.0930338163382681,0.0878944331885554,0.0793682026147593,0.112295753772322,0.094032853731555,0.151422610691893,0.0909235961699305,0.101779102012461,0.0947192979368414,0.0753569394952682,0.0878971438184865,0.0940428252823649,0.0820981477758674,0.0829384957826321
cg26842024,0.137438427629897,0.0909156872825042,0.0955400452518357,0.110456936689252,0.0680242620961822,0.0822551483092366,0.0612489476446559,0.0788038427868814,0.0853239732962537,0.0899007272030011,0.0937399827188379,0.108729328369107,0.110294286087455,0.0726848108169487,0.0783166467874961,0.105090144831618
cg26845300,0.0290448266288476,0.0187880487773797,0.0294694216476277,0.0317800975810821,0.0139983026670119,0.0187539494542656,0.0301762986917322,0.06969894905567,0.0252570275736173,0.014565736626031,0.0265870796931096,0.0126538139774408,0.0183090328644995,0.0143978932563312,0.0204725650490084,0.0368073461551994
cg27092035,0.0617975475917,0.0673146225913653,0.0678274622324987,0.0676989231793156,0.0577499318343666,0.0786231975129013,0.0632284650349015,0.0520802732411845,0.0526236270656316,0.0586751107337316,0.121225246542673,0.0545392230366044,0.0656972972992571,0.0711136675443379,0.0718101043408993,0.074927984989542
cg27169020,0.495456341519262,0.476441285298517,0.513362282083113,0.530958970865367,0.421715879848305,0.496965707289986,0.406024530290968,0.575790417637713,0.384930684887245,0.394815197733967,0.446406897914818,0.379364740240272,0.519252315530885,0.467083877334971,0.412469118200741,0.456814038815966
cg27319898,0.114487979055042,0.0805366564500055,0.0946160079288134,0.086002238588309,0.0800807650250623,0.0698624460969454,0.109085090816142,0.0949190037447578,0.0851275189196746,0.0991080465103876,0.0988011407075288,0.0756700235673385,0.0731009284707355,0.0792541248047826,0.0973110397091419,0.0798814431581313
cg27377450,0.928617127719596,0.929254442927678,0.915864933349033,0.928291873386531,0.927228508851713,0.924365751504907,0.91849667078752,0.925094046508444,0.920553273011408,0.921099313500175,0.923350227929967,0.928840225805529,0.923882780656984,0.935129211470743,0.937510385437624,0.931062529062263
cg27413543,0.0594325505760244,0.0682938958478423,0.0607516261415418,0.0588499070580297,0.0694948210356309,0.0695200385143369,0.0875424711359344,0.0593105421998292,0.070680752319411,0.0637325163951113,0.061492065265668,0.071035400391564,0.0683205445779603,0.0738800999672279,0.070842520437581,0.0659713085299087
cg27494383,0.081166525718961,0.0640782230898622,0.090884571986965,0.115968427881714,0.0929157726417286,0.0931624722981975,0.0621303578727435,0.0742090727906481,0.0557200524766247,0.0586891195367183,0.110424688228179,0.0424527533256072,0.111501176447009,0.0799564145301753,0.0708434010081207,0.0830450874529647
cg00091693,0.665267929943531,0.672036931106305,0.767606100974228,0.772441790040603,0.737180094763396,0.757085003426043,0.734409057832789,0.757532966589795,0.693236618012064,0.760634324603195,0.722304953670832,0.724089203313079,0.722201442266859,0.731007468656645,0.714179320044251,0.714761784330521
cg00168942,0.787829242242363,0.806318498323206,0.669023721777117,0.666191045277178,0.60759450104825,0.709953109565867,0.647619531331987,0.743197768985279,0.734242051957024,0.676258404725265,0.737988104866081,0.682959362944214,0.693967291570646,0.703973865923327,0.674118491667401,0.740339834015296
cg00431549,0.578760246418783,0.559243475407298,0.447767814275282,0.484887111872107,0.500055497511261,0.332925916741875,0.353084428914053,0.317709646996224,0.394535588094208,0.394650052257419,0.493610633129184,0.349588745655467,0.525687796342489,0.472663345925413,0.387565576176209,0.511501098610398
cg00436603,0.683023006802982,0.692999944100579,0.686274472228903,0.7226000959857,0.670253540877978,0.681395545198594,0.661731421476232,0.74441123524867,0.631475631317575,0.606637145138273,0.676501541089664,0.598240350067542,0.655597934018868,0.600849054190625,0.63453618743261,0.67185278583833
cg01027805,0.0743649228318266,0.0872539758204193,0.0800786242853334,0.0815078825607023,0.105421124691336,0.0756689248031341,0.0781302080081973,0.0720655322747493,0.0991909727761031,0.0931049017038402,0.0786416709257297,0.0995471260859891,0.0728998243619297,0.0859971429289583,0.0802906422934221,0.0975848725390388
cg01234063,0.043854879644422,0.0499325236769395,0.0491265785513973,0.0589477495726024,0.0555669132300052,0.0785807464490584,0.0530260031400269,0.0506457962813842,0.0482262540431711,0.0550469778573054,0.0550008167714171,0.0387645394819762,0.049095895562038,0.0478615417531888,0.0528286986039189,0.0566380055027352
cg01262913,0.108507531330315,0.121316763010236,0.16988348467548,0.156655826847262,0.12746245036828,0.163038428354102,0.143015944440763,0.236429891405229,0.123381915141226,0.191220785780954,0.146420239884058,0.121106121593117,0.123143358886964,0.132386956835846,0.124745410899267,0.129072501780081
cg01407797,0.122700282279337,0.109015240834601,0.118993512394207,0.0944821149720695,0.129649326201305,0.12779237258011,0.127041006844317,0.109840378333878,0.163218578218701,0.13722200816846,0.108874432530606,0.1627414611936,0.098533279434187,0.136636805419557,0.123873451197983,0.122227490956442
cg01459453,0.835188250833469,0.820864960281077,0.828739287846625,0.835493174456226,0.831316727965525,0.799063536207598,0.800247154914286,0.818911130644935,0.8212655422509,0.809899279314284,0.820870578004619,0.817135980167919,0.835723690607951,0.811125354926508,0.802120883133831,0.809188522247878
cg01485645,0.179137217893904,0.18477900227823,0.194957011194328,0.179582982146449,0.162878004806112,0.18353498908923,0.199663651525377,0.19588127532687,0.195457121385435,0.202073504082085,0.200307495542623,0.198255054823988,0.185324755314837,0.194517268191241,0.214735190485918,0.18350173813609
cg01511567,0.0847134824941508,0.0869849036910904,0.107411956479819,0.0920750295099327,0.115076299466638,0.0968634640042358,0.143219819832429,0.101161741106653,0.157824570496401,0.188018325352167,0.0993103100056578,0.233043194247997,0.0731217057698883,0.111367129687302,0.135037561734676,0.0808821421200586
cg01560871,0.903687416024848,0.907628838902393,0.891723756378962,0.898496574502072,0.907337018043211,0.885370300234533,0.897615583210542,0.901111399024422,0.898440951670712,0.877229853351127,0.895043287289805,0.899568410285338,0.899667683177341,0.892419978162115,0.918296192260663,0.905574593914816
cg01570885,0.506829121365409,0.508096443741224,0.50018227036832,0.51964773480304,0.51661984946114,0.524494260307982,0.490730469377044,0.479881718349636,0.519382137108558,0.474637010777512,0.507951803786523,0.512523469711853,0.487836004732319,0.484128731679237,0.545508794659555,0.473430309426007
cg01820374,0.693774922830233,0.667881164418964,0.643631107090898,0.615794556029247,0.606516128436183,0.678509479324238,0.650154584928363,0.628484240112913,0.670242933612485,0.633244489676497,0.658454332343138,0.661908134463603,0.664452735722305,0.634618248394354,0.659367253448413,0.68441331204949
cg02047577,0.0256270177040495,0.0321678195074982,0.0305274118928941,0.0295197459430379,0.0213650340312684,0.0210430641711003,0.0206179099690656,0.0186297492748882,0.0155698535273771,0.0181721049532852,0.0183233467164778,0.0153958674248953,0.021811625920571,0.022697537580062,0.0195449589020446,0.0354539267521778
cg02071305,0.190360241630484,0.187255886306863,0.204594795658615,0.261154339922951,0.245412696805202,0.228637455820976,0.226645035445965,0.234564069926899,0.203867377451605,0.21786065614189,0.212080243214955,0.312640179511331,0.217011170316705,0.233454811805902,0.227063859969407,0.171217399643104
cg02275294,0.0344067565937362,0.0533741290731609,0.0375291618877402,0.0262787280096108,0.060472733072919,0.040975014327548,0.0660700151713809,0.0392448951540823,0.0650250639032958,0.0717797899779403,0.0463762523456756,0.117857801716122,0.0307473081223912,0.0327638206921175,0.0587245249301163,0.0231344861564617
cg02335441,0.104667847216779,0.0738978946886336,0.109407607366353,0.0914762097541256,0.0869842188718953,0.0884931539279208,0.091874676058779,0.0598228430043004,0.155249668217429,0.0947519621036883,0.111776073423418,0.272562809372366,0.120123663695722,0.155428874229452,0.0723364680099239,0.0916438964465827
cg03019000,0.795339404807654,0.785072786689619,0.776532911375277,0.722122478497244,0.736939140140763,0.787118743891286,0.784469721293508,0.794758329167933,0.816519416856585,0.8045017556294,0.737153070998793,0.818374509339346,0.750622284957151,0.747509009234356,0.782358396000574,0.793216825413779
cg03286783,0.103070975351331,0.101382120482785,0.0882653025164589,0.110145501679048,0.0878327066404927,0.0882405684608868,0.0896085261499588,0.0868458377596442,0.104349870454314,0.0831200590739538,0.103563033424656,0.0957513022507493,0.102015488057088,0.112840711147403,0.103409567025796,0.100188153355219
cg03330058,0.511849297399357,0.559449150098343,0.560603099508634,0.541482649337921,0.499332915300845,0.575775546063446,0.56859026459174,0.614282966516736,0.509155125367215,0.52320061664986,0.545013275443422,0.494395252027464,0.575094450995303,0.513578761989252,0.548731911027228,0.601356382350443
cg03578041,0.169446364848136,0.162792230882424,0.253245285734062,0.24709081033789,0.21836996813734,0.310776125129759,0.255066024249834,0.311621533200464,0.214914891152946,0.283229493792724,0.193539931542722,0.287439169122489,0.171629875452222,0.216170445425097,0.237210964148793,0.19339965687387
cg03682823,0.527212342414268,0.51286313995764,0.510944971768468,0.521142252392531,0.511775469866826,0.513109149150329,0.530971124782626,0.529269766102177,0.531227546477066,0.517035153534159,0.511004139100594,0.497269930358857,0.489308827167333,0.499583444622625,0.523030205305511,0.457769644552926
cg03891319,0.0929525151995618,0.0833747072437062,0.113742841854798,0.13141550724507,0.120688146754451,0.107285596560823,0.133987240184156,0.111717424957607,0.114904232604215,0.133148158988346,0.106120403874116,0.162908969602651,0.0999187264641854,0.115661887731576,0.110989353353165,0.0967034757096596
cg03947362,0.0347145752945062,0.0280490017665173,0.0319141219982801,0.0288658817102339,0.0203147877654231,0.0259665442107523,0.0292154818165913,0.0259260615868888,0.0259019223940918,0.0318412081332089,0.0287947860989252,0.0284366178918974,0.0244643513270928,0.0171670446997639,0.0249845634918574,0.0224493633174534
cg04005032,0.0583390861110388,0.054525986079464,0.0483225663692656,0.0556191778302102,0.0679128829098976,0.0420585692315267,0.0537933929693447,0.0467072306746271,0.0494468960441287,0.0596169504576812,0.0608432024035818,0.0447332088779525,0.0448024345867237,0.0472436021933091,0.0546227671287165,0.0448580996489401
cg04094160,0.0442627101722525,0.0604445389249347,0.0542854082708957,0.0674173181977933,0.0648103828961825,0.0617605566749346,0.0786386796984128,0.059546323728301,0.0558649539235486,0.0634265261994439,0.0566859280063888,0.0677363368656141,0.0529210579097006,0.0606584114849429,0.0630026543916875,0.0629478765465684
cg04121983,0.17804580152658,0.143026558181844,0.196005270375595,0.240804124623672,0.183967770051919,0.224213520118629,0.147138623338672,0.144022629714849,0.114833422920734,0.134695731188465,0.148169419026093,0.133411938859602,0.147074552020454,0.19717755241646,0.166923298227563,0.183836190059719
cg04268405,0.790423163716989,0.781543834828134,0.675172917830546,0.5957509890659,0.714851831176357,0.622768781325779,0.67090121985704,0.71319060666324,0.741421947185043,0.694421799860136,0.748777784837267,0.698171479198753,0.724703242918582,0.69824564341907,0.685774967378263,0.728484413473106
cg04431054,0.0558294320175097,0.0827679030941514,0.175079281867264,0.116810601901547,0.111988889600018,0.119715872539254,0.12765450388908,0.185099488796944,0.131270508426351,0.187921570395454,0.0973196548020334,0.0893924447339164,0.0715113976150004,0.0674923279158516,0.115124368323077,0.106036725529209
cg04452713,0.147241399828719,0.167788341657528,0.206490513664532,0.21473214196569,0.208020705388515,0.252431246877046,0.237806767998504,0.196377345331764,0.208416261719602,0.239428384800618,0.209745510558656,0.217078731084441,0.187381274395493,0.192928599867024,0.23220362465179,0.19851572161307
cg04474832,0.390504442513265,0.386827619378469,0.442391577315184,0.445751392766211,0.432784510056229,0.427607177785614,0.461859896625985,0.429148622919487,0.444450077137518,0.405588988613567,0.411380801344912,0.459846435027944,0.40282875566899,0.40527964230502,0.431838387611308,0.415480805729469
cg04999691,0.362293734088618,0.365131323107828,0.531549147023387,0.539828329979057,0.515121455129307,0.538086480469934,0.54642090953009,0.550629740738092,0.459607687451558,0.562115962333988,0.452729141372139,0.529738814204824,0.441188600740343,0.453685444427177,0.483888586674772,0.433157336173987
cg05442902,0.217443159412412,0.220665360306724,0.275979479974727,0.291805152320583,0.257996712164896,0.280267690200281,0.287745592845669,0.26508318977231,0.246886252264185,0.287688876271777,0.250055583970148,0.296521279575719,0.221553511144836,0.230465337286382,0.294457219792887,0.230389949540743
cg05590257,0.163742867001176,0.348129405051004,0.203042176680482,0.233957263509711,0.283500229637518,0.259594982204228,0.38074492118271,0.272761902413043,0.0723538719136291,0.209873949004215,0.306424788826154,0.540989217243252,0.351025068241956,0.386441260533721,0.15462560589785,0.0824086083842097
cg05847778,0.0235808407506363,0.0264192274748001,0.0308861976817564,0.0303900045977812,0.0230838658476187,0.023415183728191,0.0353213990406135,0.0248185912931719,0.0239627170332293,0.030650520117755,0.0339308655239563,0.0290199599857826,0.0283553329897342,0.0268774193706921,0.0241462184245501,0.0224645063269081
cg05903609,0.100908329648702,0.110657336138239,0.126219665796935,0.124737790449867,0.135296978418239,0.127077232437735,0.152671690414271,0.108948331648917,0.119589311758908,0.125483972608157,0.107228077071005,0.133643791328355,0.122047269637675,0.122168608022808,0.118246404689982,0.133798276990862
cg06044899,0.616316862216452,0.601295463146823,0.621159805763018,0.591141248887267,0.610093849906632,0.610152550622644,0.610123547868305,0.60997426314799,0.610294880126634,0.590065536911121,0.591813245663701,0.587630684034583,0.616826482854767,0.608422413786126,0.601033541445713,0.614182425843409
cg06117855,0.346669189145937,0.290116410417675,0.383775499123147,0.415670183062828,0.440201351258648,0.362133007392431,0.399400906962291,0.286096997862134,0.341949534399531,0.473727903298817,0.338174661547236,0.490851279221042,0.33737005397798,0.398884815302676,0.452124031681519,0.293879304254602
cg06513075,0.042222775462816,0.0364257195848669,0.0490111192030189,0.0535869627963057,0.043942288307118,0.0448979738816965,0.0367851550217131,0.046186728129789,0.0384394639104473,0.0362300321827663,0.0436032578342953,0.0359303033390185,0.0433118200427269,0.0384283313369573,0.0333300224507375,0.0409180746642602
cg06688848,0.0344796487989016,0.04634142429715,0.0389975336631721,0.034067718257589,0.0424382951988833,0.0348365109768745,0.0385015245427867,0.0386753603208402,0.0375171624783286,0.0418476733306693,0.0345622047237145,0.048089584283104,0.0387762143731816,0.0356735177134826,0.0406257547757485,0.0408839124005298
cg06836772,0.315715124414618,0.320929767417791,0.197903087223771,0.203153048648499,0.232023769747236,0.203377763871798,0.20643812118345,0.231608668056512,0.250342837659628,0.202018916937148,0.264348249539169,0.265126930780552,0.23918340469037,0.27050683741623,0.250064857433283,0.27366598739458
cg06926735,0.0332132441040019,0.0448881011494302,0.0319423380928057,0.0340467732316763,0.0387271058546142,0.0441052548111476,0.0317488859473982,0.0498344670597505,0.0263210420805051,0.0297367780679367,0.0422351767275555,0.0347384291597431,0.0337325422013232,0.033160089471596,0.0333431677062726,0.0322015990029665
cg07158339,0.337211801801798,0.360116133303093,0.377424878395049,0.327851024990534,0.405570139654251,0.366594214671214,0.326037368095842,0.327309277625318,0.363958169678436,0.373615522310664,0.336376768056786,0.409883263830864,0.33023765837315,0.343945445328993,0.357882039580574,0.341500480906986
cg07388493,0.564629698555323,0.556026833856806,0.55006482169325,0.565152046047931,0.614719194704182,0.510173789793183,0.62118483670675,0.526129425493548,0.565526954803628,0.600653721395441,0.504276315502157,0.637506571967142,0.574583590204509,0.577194571940945,0.575496799471648,0.553450455962118
cg07408456,0.41839094196578,0.425475473702939,0.446104989407823,0.456215870542404,0.424135272350769,0.475362664912031,0.487851437432987,0.502528067998917,0.488274749459169,0.487310811460706,0.481655079610119,0.511355466830416,0.436384809770326,0.461943891147397,0.483249644874036,0.43789732097033
cg07498421,0.130774460767672,0.138676622530905,0.13474376246298,0.13104610994124,0.147737562442465,0.134260622195907,0.130172038094841,0.116868063624916,0.119657035551851,0.143882298205835,0.126587664250273,0.104179245600307,0.140759266338228,0.116835473691,0.136680711560195,0.120343323141101
cg07663789,0.0382221472333548,0.0263112697172838,0.0191466895432441,0.0223418072377828,0.0271667159311808,0.0208347055943961,0.0188168507682221,0.0270028758670814,0.0160200602480089,0.0187689131114539,0.0230496660321956,0.0167481926723059,0.0223364443069569,0.0167206811702728,0.0163367013566438,0.0254842308008789
cg07730301,0.415532752249807,0.390621131575297,0.489729536628946,0.52539764922607,0.523735051427588,0.510794047992932,0.518468225524982,0.430382208079898,0.403930595098338,0.522309464671276,0.461221236739939,0.522101348632281,0.488394150935389,0.495187123203565,0.515929162886617,0.425723945590377
cg07770222,0.334605272265215,0.377130250528602,0.377830459240053,0.389787419553502,0.340959982165712,0.389202970433942,0.370117833805815,0.364664588571323,0.327729214274902,0.349560650444198,0.313003410692438,0.375675059667216,0.343970428597056,0.360730010297043,0.406561893419687,0.370922370926915
cg07849904,0.143920836273865,0.110638595335398,0.0932995662407422,0.111753533473992,0.0863661157027273,0.0919153481074749,0.115466074315609,0.0968903133527712,0.12083710639564,0.102791781813111,0.106773659409429,0.11829600365776,0.101287073480491,0.109938148467974,0.121966739233783,0.103312397191337
cg08186124,0.0604235240148377,0.0593173066360669,0.0551400727327266,0.0570297531477876,0.0817872377569109,0.068429392472067,0.0549758376373106,0.0588345742537409,0.0577449804253521,0.0643922261941476,0.0574497046225486,0.0655212004816406,0.0639043389931232,0.0541806349760953,0.0554999586380324,0.049095537191192
cg08331960,0.489371913715171,0.482147346905345,0.437637452037693,0.448247178967437,0.491689865418539,0.462530624072843,0.481190974649091,0.46065161391052,0.486750453747802,0.513724702491097,0.469049128308819,0.511527448181964,0.443460378369406,0.474537657815546,0.477741108132716,0.4579514982222
cg09133026,0.834768284513032,0.814994244338945,0.821081815233853,0.847772545542494,0.818622462143557,0.854449942754836,0.868705335923702,0.852809208589285,0.852605358263975,0.865522941484508,0.828443223011414,0.872744460062344,0.803861923560031,0.824749348820393,0.837636311879598,0.827636292927284
cg09441152,0.0602631810643308,0.0727333130842572,0.0824828591856706,0.0700404260675199,0.0821850776648603,0.0707013025615626,0.0653342235618991,0.0596833475038568,0.0712112840867384,0.0688757631578941,0.0554845053687437,0.0648741512194967,0.0659535079517685,0.0781310196275822,0.0759973902772,0.0612689966495227
cg09646392,0.86467104031183,0.822233022032875,0.787753584657511,0.78754960728169,0.822406273902334,0.829485362743652,0.796898600255052,0.767364116222379,0.828558238988607,0.791597350356959,0.817439149443167,0.764056163627607,0.808866529679528,0.841533134246748,0.831610564578666,0.835368900865922
cg09722397,0.0595140023811882,0.0644827343121643,0.0672364324965872,0.0630739353919072,0.0636064801951371,0.0628007512468226,0.0605162597861598,0.0535813572131547,0.0633858198620266,0.0668041536249,0.0590498519210553,0.0571061937375816,0.0626569299443912,0.0684119299140695,0.0733407866614335,0.0665423646392502
cg09722555,0.919360484417111,0.911526683720068,0.92878102430195,0.902254559908386,0.912390608556373,0.911314542545339,0.922033698928656,0.900846137901532,0.889893916829863,0.94774336020718,0.885760680523362,0.91059464091642,0.897681037922567,0.902236586430608,0.901591680845663,0.91285293932995
cg09809672,0.902632421193633,0.895337194259507,0.875903965622626,0.847600809436406,0.890749156641779,0.868190791838716,0.87757873063984,0.845453746935725,0.88392762104591,0.888291762683899,0.875226424253488,0.872066455991343,0.887257596039854,0.880566993896096,0.891505459262649,0.880629440460454
cg10045881,0.840885618102508,0.82626706920873,0.874919218145185,0.873701875853473,0.86744443071994,0.859039857329656,0.863049346457148,0.832033214670582,0.838038539414705,0.848188845339301,0.868849045254549,0.82123733455555,0.892977668855054,0.850149157551999,0.85455151924589,0.83551350898771
cg10266490,0.232068214975554,0.191027111205496,0.334006310286286,0.355386849267176,0.348899686114214,0.377144785856869,0.393040054971801,0.271361988891112,0.261261465673562,0.389801807930027,0.294583462132334,0.427603441886504,0.267821221103486,0.282379117629418,0.363474432310352,0.244530246308187
cg10345936,0.732618570558039,0.725666096257363,0.806473976467065,0.800898932638505,0.791310709505506,0.806453339375348,0.749035161178871,0.820950679338078,0.741541774519626,0.798397745987355,0.723514059577392,0.742758941844275,0.75532845821421,0.757421563424804,0.769922406435558,0.727079932542608
cg10865119,0.2237959313543,0.207687605427769,0.173114105761223,0.184067400485025,0.227679251709589,0.199865562180507,0.189601202612828,0.150688448158793,0.197743240236565,0.193848556553118,0.192648441153202,0.250064872791605,0.180815409551507,0.195678110449994,0.199850843186509,0.188581569960297
cg10940099,0.0439202365086182,0.0383618389910798,0.0405565592318526,0.0429420768611604,0.0470262405047027,0.0625007221904035,0.0448904481936688,0.0383592202633924,0.0340847905229121,0.0493455627427155,0.0513070413262843,0.051204342416128,0.0490027556213969,0.0420050309837958,0.0417189219230918,0.0592257867275153
cg11025793,0.0694949071231997,0.0450202600447112,0.0631626617977771,0.0816867820463654,0.081960056099071,0.0769239006689316,0.0782727862678364,0.0742772273042527,0.0936094912714626,0.0822296435515875,0.0766188478046423,0.0674012951862033,0.0582501822538631,0.0700910583730534,0.079443300451701,0.0645297647187888
cg11299964,0.10637832456232,0.10645911279073,0.114771688525625,0.120549282540376,0.127299816167381,0.150221767052441,0.129494875775854,0.110420341454041,0.106322018901286,0.150024579494809,0.0957626842216008,0.127377180162721,0.0910643350851567,0.0980350323093813,0.116214790129659,0.116673774050849
cg11314684,0.709510170352305,0.701373223481036,0.480837646361977,0.455433414309722,0.449614953720726,0.466514328498066,0.515947046278077,0.453012040058732,0.675009377547514,0.46388863693204,0.559625582954596,0.46910158178204,0.547443022073531,0.560109117860022,0.51970467670974,0.653336508259788
cg11388238,0.230323066267632,0.139103674442617,0.189878686471814,0.11211118719672,0.157499574737512,0.154158276943396,0.163669841874911,0.166215310227311,0.191257666825983,0.194060207179054,0.15772616566279,0.242595285046913,0.120076955274822,0.172217135671853,0.203583817220272,0.15955649740822
cg11653266,0.0352515658024237,0.0315124716628175,0.0393476304696936,0.0437817201910915,0.036346958746366,0.0401729177481565,0.0379484696799972,0.0327404118160313,0.0341700455627303,0.0393174391042372,0.0320802551583069,0.0366073654959911,0.038556282357738,0.0391222909338696,0.0422784947200198,0.0400189801195422
cg12413566,0.939740747396953,0.94175361889766,0.935210633892528,0.933968893611527,0.948971386359861,0.929311837502254,0.934873959556491,0.936455795652912,0.93033738234259,0.932728066917455,0.93490157408286,0.937319039397619,0.919946559899594,0.934553515068954,0.925776103376512,0.932996528763948
cg12616277,0.127518425150236,0.131360091703335,0.177594924160411,0.187630678315517,0.131422426333131,0.126918794588798,0.140377250129397,0.150361791279696,0.130798888500924,0.135185951753609,0.121696655839083,0.148847292263561,0.165060353233912,0.144979507973604,0.153586325020694,0.124005177323564
cg12941369,0.382586771038636,0.378802193555544,0.345047687592937,0.293010821893852,0.318273475409786,0.329220840371807,0.319136839894816,0.300114110798959,0.376109065552169,0.32427124618076,0.346618302969428,0.374463694379847,0.326961011458182,0.366764749285003,0.338209074392337,0.384300541151908
cg12985418,0.0437576320635584,0.0467141080144288,0.0457939940061565,0.0441460578102724,0.0512093669299203,0.0462929369318563,0.0509467678108169,0.0433219673938969,0.0414899781192608,0.0455380188301842,0.0516794615250317,0.04512627362559,0.0482311847707603,0.0533285689956678,0.0448870800536594,0.051359165515063
cg13129046,0.366215667856368,0.343304765723499,0.378338208192052,0.329541283292867,0.366805989268365,0.293700064675305,0.375733042473138,0.277754187784756,0.376752766221225,0.338762594214838,0.324515065603963,0.439699248039147,0.3413501453269,0.319058800267163,0.371553940480958,0.350329177382456
cg13269407,0.0752434306293235,0.177258836846136,0.0938656712634159,0.0821472293615706,0.0735644514746315,0.144705735701919,0.211151597789394,0.15569264604277,0.0952307548821486,0.171805477776194,0.0809158680200613,0.202955563560728,0.0953735383939082,0.0817174369321548,0.110604952132506,0.0571398847168092
cg13302154,0.781154488630547,0.714717720383841,0.684163715413836,0.718473411281891,0.782071399375631,0.640541627339081,0.68487002495329,0.524607816588758,0.714373911178337,0.687527037671087,0.713181967692124,0.705889471437649,0.741140627762374,0.750193475559821,0.796252599049623,0.709234052129117
cg13547237,0.291867271529433,0.257775007994132,0.285024843289084,0.273507118689146,0.254609409594017,0.288255864464738,0.293588818616488,0.334248611398478,0.318794374795085,0.301029794333189,0.254546074108887,0.3395202321282,0.244873371882114,0.256379571115067,0.253727666028488,0.222793604959864
cg13828047,0.352522290474996,0.313286689179703,0.350893315037229,0.318975354496609,0.286518197937896,0.290875810033313,0.318323551044667,0.389127933786019,0.346388717752664,0.338135209105362,0.289780598185204,0.395866480689419,0.296416894300374,0.312190472600416,0.306794468743865,0.343097313270328
cg13931228,0.0305427219330446,0.0501989842034655,0.0369376118421132,0.0481293536960729,0.0373403708541209,0.0367553783677998,0.0457866377650982,0.0407641798146994,0.0536903494986223,0.0507692734939353,0.0382299705879844,0.113983291740849,0.0630772121563424,0.0581171684288987,0.0458999809253407,0.0644838111331575
cg14060828,0.288482592850729,0.269356544411747,0.300648371673023,0.284369443701366,0.259248439927425,0.265994728966033,0.286886667358917,0.296725558845621,0.272166065622781,0.284103753558737,0.295230196084307,0.328468504138796,0.266097613051905,0.280237860269949,0.313415971719062,0.290596331224554
cg14163776,0.381067735953089,0.354304437412846,0.313582649635775,0.280125952825658,0.266266309953779,0.323921888057124,0.337559680236902,0.328512675664875,0.36387633115847,0.311098591899179,0.350943901463081,0.320567425997361,0.341454791761404,0.356134334738944,0.289801509442045,0.350711096139058
cg14175438,0.161783385194283,0.159366534178179,0.197592656950822,0.18501526143854,0.192145600312507,0.220620452648408,0.2137144353137,0.239594691772053,0.206654406198981,0.217505780768583,0.179748447961197,0.209564149708885,0.169178982457784,0.16529439593394,0.188510306745403,0.18464737339421
cg14408969,0.052027638822342,0.0608501113055511,0.053340168103676,0.0576281966585847,0.0736772966334948,0.0680589953721827,0.0630922184340983,0.0624104026474552,0.0564610120405034,0.0636523165537505,0.0611760851893814,0.0676840262783591,0.0524065654794106,0.0646532518934214,0.0628766796963963,0.0571174903695293
cg14409958,0.179544856645973,0.181917957002371,0.186838470948815,0.185005489140896,0.190479140290659,0.173538494899598,0.148835671216324,0.155350643096458,0.137638282025633,0.15872928571068,0.18830424180413,0.155135732910297,0.209690083899111,0.16408958424837,0.165501293308501,0.161102872997701
cg14423778,0.615086963584239,0.584872959399931,0.550016755871612,0.636762100015227,0.656952279711228,0.612349803597106,0.622178230398977,0.607755021689961,0.668253219328683,0.653243859953978,0.564841366441037,0.710574633759607,0.47801781567712,0.636498124774982,0.704654993793688,0.578673251478674
cg14597908,0.519664296568016,0.510561543584599,0.521223663306191,0.520267323595254,0.490454784786758,0.547250370675263,0.544297703764081,0.524643987646082,0.526023294509608,0.523089474057321,0.520155044807344,0.510222537831143,0.514865410096889,0.508704015117908,0.513307156527861,0.478875325939735
cg14654875,0.522640806303506,0.495142888948447,0.512542670010728,0.503920026473299,0.506006666107452,0.526124439476393,0.52793730841167,0.495481732917063,0.502515288730274,0.509731662099588,0.460580812624705,0.503691366121542,0.498759557155505,0.477690338665206,0.49903480927503,0.462461809565551
cg14727952,0.0521033224285916,0.062318068547951,0.0670846231067598,0.0638902722973835,0.0695506948084721,0.0731258845965339,0.0787834289519942,0.0587248595294916,0.0579157683986045,0.0646005873667808,0.0690537562344786,0.0655298766305068,0.0666713580137319,0.0657575995680412,0.0654322688557014,0.0564491000342859
cg15185286,0.0161271045042077,0.0182000788426702,0.0160211223933086,0.0125839032893016,0.0172709247513933,0.0194157554732588,0.010038428740359,0.021396619829771,0.0213641182520467,0.0139452321283977,0.0174994282060465,0.0245616968026281,0.0159293625340786,0.0143807842930281,0.0236454571564293,0.0205618154323537
cg15262928,0.0591876090519906,0.0614111860700601,0.0485647049118271,0.0611099272423103,0.063785508889686,0.0601032033253904,0.0636236519478558,0.0486182988088499,0.0633819887665007,0.061442629313872,0.057508905897711,0.0622330076239811,0.0511254267360365,0.0594561129701913,0.0608152046172349,0.0581365590130948
cg15703512,0.0823795499806238,0.0871552446171137,0.0875171581771319,0.0876160111404578,0.135955228708931,0.0996333203889597,0.105444822608164,0.0891539206139587,0.0999861500858034,0.104453563961002,0.0839588946109113,0.110579211520043,0.075537656128906,0.0898654592135664,0.10699737295356,0.0861203072996635
cg15804973,0.197477611628096,0.195033420015425,0.185219335008355,0.201559995817898,0.19493585608323,0.241002557350549,0.197712432836245,0.205502022732891,0.212518151569091,0.204267150463337,0.183203827889078,0.198388725304876,0.175992858852629,0.197053601022202,0.171850957512754,0.187464967421983
cg16034652,0.557494548427031,0.510330468379608,0.600204832113378,0.593066236606667,0.476301645536642,0.541779751604635,0.546678916567146,0.540214075009449,0.527825523464229,0.51465498816563,0.555315970330874,0.498730432579096,0.542863038074563,0.529853798375838,0.475239539822487,0.587198390985678
cg16168311,0.0873174927011999,0.0799661476018521,0.116480030406551,0.0763478801916478,0.0833404547649514,0.0802256349622632,0.0860530322599485,0.107752966054269,0.0819907669738791,0.102538740388532,0.0912540766843082,0.165282285777239,0.117387419274735,0.0817758961327212,0.0796170614817435,0.0823688869641978
cg16358826,0.154581668227976,0.168124961403579,0.136830705499581,0.156983701375115,0.189435855830003,0.166884344732555,0.157830001015238,0.180256479990479,0.172124155902163,0.172695228245481,0.164182856213274,0.166717673665798,0.151847362367991,0.182245676887157,0.182698453699615,0.156869531881189
cg16408394,0.0382428472917497,0.0350151270583404,0.0322205586386757,0.0283298943693997,0.0304307795910844,0.028840486839837,0.0286529693983953,0.035844068691191,0.0345546354906663,0.0401906616770325,0.0332579050342017,0.0311898767123457,0.0331725100521827,0.0420463357356345,0.0364776259732633,0.0364790549995136
cg16419345,0.0705406130039764,0.0666374977968622,0.0712741254886536,0.0787161276613596,0.0559892896466414,0.0699660861693489,0.0555244529339626,0.0702896972868582,0.0460428911509969,0.0537384683766614,0.0567667922688382,0.0683768161776693,0.075455444714837,0.0512150201391179,0.0563529367403024,0.0616453488033741
cg16744741,0.539492860272784,0.553472233680828,0.714825277711361,0.720233820780696,0.704059470912649,0.744225855379737,0.784704009995518,0.712704105106481,0.634054173070252,0.766228283715519,0.58714267365638,0.835448318335071,0.618126371290302,0.617219997341811,0.693395859414326,0.619600128171313
cg16899442,0.312884071829096,0.306952396427064,0.267436944419082,0.269579406171754,0.261915053931492,0.241704277174441,0.260480891538271,0.289798808889701,0.279125223937455,0.266559211134916,0.321039467346934,0.284468006637146,0.251759035238435,0.285947895265949,0.264751703266045,0.265806420552094
cg16984944,0.0451066104507818,0.0616115606865461,0.0633001256637123,0.0552521076395105,0.0556271073686633,0.0652057804074219,0.070563347435123,0.0776883366957115,0.0774813746097346,0.0835875670348269,0.063150814081969,0.0992204086721217,0.0622385033511961,0.0575450853810494,0.0672385616284346,0.0550309154913363
cg17274064,0.319566963084282,0.336433722149427,0.408576721242179,0.365094753582571,0.345527490778863,0.377501921310601,0.3287926783531,0.338149995064789,0.301840109184657,0.304057909280494,0.355138896564784,0.320306474141353,0.433364841784606,0.372986829752698,0.386336830981467,0.379063546243718
cg17324128,0.0764716384353945,0.0628788313332487,0.176590815874903,0.177237414967409,0.147565980236575,0.213608115339728,0.186784624952848,0.225811520664393,0.115666083408444,0.147264674505783,0.125225359630873,0.157718669186941,0.0913762023851236,0.116242032353681,0.108279318451293,0.100772823432219
cg17338403,0.232241639084186,0.0993207696664261,0.226787660304667,0.23781926883951,0.303525313772665,0.292507098390505,0.291780625421588,0.230774569157679,0.193756555889601,0.269847858469361,0.249446038314532,0.384140873481448,0.137536139455299,0.23672954590209,0.30498821255708,0.215655693814827
cg17589341,0.386812900519359,0.421164448610727,0.560804131588107,0.56939781545165,0.518133949550649,0.560551359197443,0.582260687715211,0.637424789448756,0.433465261826775,0.595046633249722,0.471298951489205,0.618861539449346,0.444517396610176,0.454410219104486,0.506987594477588,0.431698035270009
cg17686885,0.20176659414544,0.187507388945053,0.214761199135462,0.207825348279778,0.152127103808734,0.165294125544999,0.18002260871508,0.236436904979931,0.190042322940979,0.153422747068876,0.204434149729885,0.183015753467585,0.181261581150036,0.18745808948363,0.180386689651639,0.166341781886953
cg18031008,0.0342989896379279,0.0431448575380084,0.0395938487973148,0.0264244558277161,0.0357753245478714,0.0335640346117637,0.0535531211178363,0.0389476751482274,0.0313298254652293,0.0344199956868702,0.0297912663485471,0.0355607850385653,0.0398741249051144,0.0302000008664869,0.0347424881972795,0.0327697452999459
cg18139769,0.543584759838008,0.525742763856764,0.540986024438519,0.546846140148273,0.539454841682497,0.554484294068488,0.569968820995293,0.535069854482066,0.543583652704946,0.541771506000308,0.537244811704428,0.551926364836256,0.55807299935426,0.533000662375257,0.537484407923182,0.520659764535042
cg18328933,0.565099478705976,0.52442879275857,0.577220443872486,0.560261640791601,0.518690395760107,0.580799997905268,0.618450610159565,0.620506995901927,0.578561107463667,0.636056013036212,0.491617961367256,0.606145925535154,0.501266169778133,0.498266914845057,0.533353531780853,0.495032442926344
cg18956095,0.105560219867266,0.113658291310284,0.11120767134557,0.117041467366646,0.126007701686303,0.110111597589396,0.105714036130112,0.116855153742393,0.118807033259679,0.109853141049503,0.106298473538252,0.134081305599137,0.102186985307017,0.118456509555372,0.118182278970102,0.101262843053004
cg19044674,0.0910275805307226,0.113664200880269,0.121465593118152,0.132992270134692,0.0941594081440492,0.0988150136701369,0.0788873849558004,0.0935453030033363,0.0989641901017581,0.0960806913314121,0.0912455306173368,0.104018689733587,0.0972237739225583,0.0981255877471104,0.144555151686787,0.115343935063476
cg19046959,0.301794309181496,0.218043355565527,0.320319579035772,0.343602926246687,0.354498393902557,0.318741382270639,0.313972705696358,0.231400498105691,0.298138937312741,0.353448902712169,0.353987649832178,0.39794276607775,0.289640571233666,0.315051471695136,0.333874004562602,0.20746682812958
cg19420968,0.950673873720931,0.943154926964462,0.912485291638596,0.929460111987137,0.845542671864167,0.896439675043721,0.860997393551707,0.934238774046128,0.900812641378702,0.855086518423465,0.916645735578628,0.78889125512762,0.930281093983527,0.890661079169551,0.872969506974299,0.938567045901795
cg19569684,0.826427615389627,0.816264223833661,0.8209680651518,0.838391913412726,0.832151435001696,0.835413549270378,0.860360941231758,0.849644045660796,0.826732233753051,0.876185409964036,0.817875363229614,0.859215442979882,0.825929776843829,0.837055270085575,0.824828815129371,0.834126439453579
cg19706682,0.119661122504028,0.127948667216793,0.0729113054027082,0.065569708247356,0.0746286337652691,0.058697076915136,0.0726430961254281,0.0630500576312748,0.114693563438204,0.074640978362128,0.0967011077980088,0.190938690192844,0.0811307830590873,0.0781301721026115,0.0908225722145335,0.08035398975162
cg19722847,0.147710101456772,0.13901199987471,0.127200775544149,0.154087497571943,0.16007774042681,0.190320130201512,0.213695567674681,0.147437860251762,0.170561028296096,0.170077786066913,0.151348394534003,0.281665271096477,0.150338467385581,0.125014715363796,0.188970138880743,0.148746752158095
cg19724470,0.210796773940001,0.196963505415392,0.23407230668142,0.19396637875964,0.234108765242674,0.264160826569217,0.239728285296258,0.268209873466711,0.312988502141095,0.304074726566232,0.21974320541052,0.374890855495437,0.159532897541827,0.194940448657513,0.224241256485939,0.186881536480002
cg19761273,0.260044267624416,0.234558583747032,0.235045297611686,0.241923946195043,0.237087193359242,0.270886605664634,0.292668812776161,0.249722014501605,0.295827428287798,0.249297132771783,0.243009215901826,0.33141096996577,0.249306428983124,0.255902316913834,0.25851488998575,0.248882394540446
cg19853760,0.30448151683094,0.248353251143512,0.376886629547453,0.384452227374391,0.42719500475549,0.365119456934856,0.440137318096756,0.300287693429831,0.381810214584102,0.441154065114686,0.230744841735158,0.447253611952393,0.339672966763989,0.378205098604423,0.364148138072876,0.26355899576226
cg20100381,0.0665187790482419,0.0741096706000587,0.0776085954797936,0.0993041092737693,0.0815145568733072,0.0910800883233189,0.0916516769998825,0.0712089866367117,0.0864628502192529,0.0896126022761889,0.102291500532117,0.0786143362941261,0.0834321759738207,0.0766791384344538,0.0670307585904129,0.0662700212676665
cg20240860,0.0892428904254734,0.0833725651698271,0.0786622018659673,0.0886934181184783,0.118846498431976,0.132304068928229,0.157982179187216,0.111693356014515,0.132196332645034,0.166344498101234,0.14616979952612,0.182932170588445,0.11138896072581,0.137269974389811,0.135444554460316,0.11186569442591
cg21211748,0.0976451794442822,0.125457670500272,0.120461296657093,0.118424123983627,0.125721647052173,0.131347857807279,0.110666061686324,0.115173696198652,0.118650237177562,0.108031350653188,0.124087094475301,0.124761472149196,0.112975323598389,0.104579767540147,0.151027756195879,0.121541390406877
cg21305265,0.0553116867184837,0.0585973176748891,0.0508864268810748,0.0567391967809766,0.0767161459766091,0.0535630467160103,0.0518349098566524,0.0577903117412889,0.052937817662229,0.0584624034455602,0.0703363632568222,0.0657723315432504,0.0512722631922928,0.0569473826309959,0.0625005423844314,0.0572959270860514
cg21370143,0.946050992876909,0.939952547506386,0.916437201480849,0.941156963053349,0.942198732920205,0.923941470364856,0.937089972511276,0.936555077953166,0.956437582762132,0.921898338319966,0.927576708730698,0.945938665029225,0.931424207912846,0.936404330708778,0.912881435212922,0.948416102804259
cg21395782,0.0641354679050326,0.0672366371808464,0.0571483102423707,0.0710881804423209,0.0676799155389983,0.0620032598948936,0.0769304278989826,0.0546379578491925,0.0917118840601859,0.0749504831214443,0.0629978760886404,0.0716935873672179,0.0661488143285834,0.07562643238098,0.0716506663014292,0.0616702354603559
cg21950518,0.0860271337962809,0.112433030915466,0.147314475347253,0.075124932857061,0.112235004066101,0.119089485178552,0.163238295464012,0.125384168645846,0.0898060041962626,0.0973742081944291,0.110112114877525,0.128305405544078,0.149301345598366,0.0872270647633022,0.140580476488719,0.135859117522444
cg22171829,0.198493516957331,0.18428608177117,0.226461509553158,0.246881404318685,0.195237419875232,0.249757252730877,0.232656001523129,0.234267519073048,0.178493199339102,0.219984793152049,0.225779547700298,0.191420215571176,0.253876650129454,0.228743151372858,0.223969207930147,0.193619509892576
cg22190114,0.871806220087321,0.895787745301213,0.917033740029956,0.895150527976589,0.90171244966973,0.903012737730071,0.868305529918389,0.892092232421017,0.907402813730128,0.894057678762848,0.937961646220984,0.922613038307552,0.881744387462246,0.908670903940128,0.880137836427718,0.874666408329242
cg22197830,0.580717436627114,0.538894756332031,0.547310110399149,0.52087999725174,0.517219581228302,0.454580283062687,0.536653746633371,0.578560681026727,0.547327706451879,0.526410479681445,0.472547355119339,0.538314358024986,0.461963726566569,0.525389350724427,0.525100737593612,0.502021166833865
cg22568540,0.971975338218278,0.94853216734248,0.929821038821335,0.932739941066023,0.976507692249095,0.947687192714745,0.950616315708537,0.953871653355858,0.946452256937651,0.949586867739885,0.950030489891571,0.943046697314111,0.9579908209855,0.943581607436492,0.954236000225044,0.955948118011654
cg22613010,0.0418789450170447,0.0462311824764259,0.0449873278371465,0.053993573707639,0.0551780308199904,0.0432338564604809,0.0613914096421777,0.0565622322207521,0.055859934371368,0.0663291523536577,0.0663401626250012,0.0635554874853528,0.0504273073173932,0.0442333618143448,0.0467563718963073,0.0601243986324227
cg22637507,0.118105067561367,0.0967558798407597,0.103842153465265,0.114280945882727,0.0968281456029663,0.0982935788249926,0.0807033053000394,0.0904680087153608,0.110781242159176,0.0849072104013439,0.110833061697447,0.10734178653493,0.107511401538243,0.103152770862969,0.134295636409154,0.096718164343797
cg22947000,0.267858878929537,0.258821507152614,0.29550265310889,0.292801186430812,0.283361141137477,0.293498195650536,0.3304570911469,0.23216933030973,0.25359154084904,0.358017708675958,0.266543582257269,0.408732483018267,0.26906190191776,0.239315472034503,0.30029218191348,0.236879868329772
cg23092072,0.0419826407682542,0.0409118475379727,0.0342660983585193,0.0371065803452102,0.031853285891954,0.0438651866187788,0.0368657482612303,0.0392644539921218,0.0431026215020306,0.0348362076332428,0.0461289474456499,0.0349379488511027,0.0457430437147939,0.0515804177537033,0.0418588887589738,0.0405928284376265
cg23124451,0.118470657902676,0.150118483269013,0.224760878851896,0.191001331347437,0.204479182772345,0.217812280827067,0.311213230869538,0.297918517590422,0.285734031883398,0.355196362324153,0.189427702115105,0.404642618496985,0.129348921193848,0.177189362011761,0.231699689297493,0.117745029288578
cg23180365,0.0200485763285253,0.020199861235739,0.0201447860636632,0.0154860175213696,0.020615093143443,0.0129265117199616,0.0187772851380294,0.0217829480762507,0.0181914674882212,0.020788078889863,0.0235564805056137,0.0201795078955039,0.0190544552687802,0.0207641877951393,0.0111544547937583,0.0212048903811679
cg23786576,0.0394381237078462,0.0507011293146618,0.0410350137438723,0.0505402955048039,0.0500487575679671,0.0544489882201667,0.0463548026600979,0.0420303751742871,0.0513690546617009,0.0463059172348386,0.0417268023340378,0.0468255799597028,0.0445711134196278,0.0488145612082663,0.0390828375933497,0.039045996380874
cg24058132,0.282712509300636,0.3001880993592,0.359285994255798,0.392364158396556,0.346648096924409,0.342189573102961,0.383181783203819,0.477645263881055,0.320635454261824,0.353327066629268,0.384818550083158,0.464590227240378,0.330222916357533,0.298422640358148,0.315210096569176,0.304003288784549
cg24081819,0.191714065160035,0.250721947144558,0.24388759418654,0.20034913696198,0.147595445059298,0.235362405733195,0.199904286477801,0.173743473762747,0.243636788456156,0.198055148523267,0.182950222085762,0.219271992783835,0.235789561953684,0.198797320516239,0.188082028228551,0.186263197028679
cg24471894,0.174233155059006,0.179976821618594,0.184387224905455,0.209667814932886,0.251002310242295,0.19006143587712,0.217971070801084,0.153806696351264,0.192363964281909,0.227181310956785,0.200368237153291,0.24210378220745,0.199821816242647,0.182620296966291,0.213852993712781,0.15310071875152
cg24888049,0.611435221716204,0.61727578777118,0.529584161388164,0.516521098639186,0.551840451141172,0.530911054909678,0.546213645655213,0.555935637032815,0.625909360266334,0.548439462979893,0.573842034146936,0.559840802557112,0.541113412108042,0.561356999917656,0.559399018299612,0.552681411585076
cg24899750,0.694576013351529,0.677991436738653,0.659592452388483,0.691316255583782,0.680885358891847,0.693281284670871,0.637423906782279,0.671638057372922,0.682899191907387,0.695421290989054,0.668085960247569,0.691662939249831,0.682027331113,0.663275685489151,0.691376851997765,0.687574645647624
cg25101936,0.763483425843313,0.746121251861339,0.762800597405226,0.7394900294522,0.786105195561785,0.776724227483645,0.670625892740047,0.747657324383763,0.696931974478744,0.712764299593241,0.751418187414824,0.751093804451646,0.749588955587494,0.760819698921915,0.723929695952179,0.77477850877217
cg25159610,0.0361712635047693,0.0290149117347897,0.0419150345607715,0.0259986404322507,0.028337427615309,0.0231170822117546,0.0284458848547371,0.0443102178584795,0.0171298295854893,0.0219151545827662,0.0434047312081401,0.0201310202923728,0.0324685970394247,0.0328297923864585,0.016249280793114,0.0175895381495997
cg25166896,0.0502930050749383,0.0568712210636768,0.0428473170987056,0.0596555917435565,0.0562092997618765,0.0495274074436091,0.0660693855569329,0.038668882005948,0.049936991688681,0.0645368474884853,0.050029206991475,0.0640401147369838,0.0435531842579346,0.0460004186247526,0.05432506534973,0.0414999651020178
cg25411725,0.830210782237276,0.834949559125186,0.844925795176342,0.846949367851704,0.842502682020854,0.852407073697953,0.839616659652438,0.847482758772605,0.841806653599327,0.866464024930452,0.82845315140454,0.847743756661013,0.839101377348067,0.82883971045632,0.834330367084821,0.852649489592128
cg25564800,0.330537164715508,0.295170325568589,0.312344291025977,0.310650717656635,0.327313635258155,0.294112129557528,0.259508880163722,0.330972595059325,0.343056575627593,0.298103242288075,0.290441579993347,0.342292749269449,0.281577763378642,0.296368610600163,0.31030625628018,0.251690508479296
cg25657834,0.102792088309776,0.110667825675785,0.121700031888425,0.140562149256199,0.106882011569057,0.124374978744548,0.127603894195323,0.128052148406291,0.132847956380638,0.117794578744014,0.125907492236984,0.179279952799617,0.119118059084258,0.133508222958406,0.103686165345667,0.0917781415789848
cg25809905,0.815484160528338,0.848484489693904,0.818580294499915,0.850041475311772,0.855790667685053,0.81661761785928,0.779325637421496,0.813420411780569,0.86118899407571,0.816389477011142,0.845683535023288,0.845165771636329,0.800824509372452,0.857168242470608,0.846306000782477,0.792806772281052
cg25928579,0.097733928118839,0.092863572577966,0.0939896071083951,0.108529406718565,0.107671016781598,0.103006894545969,0.0840594906538672,0.103786790420719,0.0966696348125425,0.105123274410672,0.0954234223370746,0.0761747818344346,0.129026908451843,0.102534913412093,0.0829216892802292,0.087095467504303
cg26043391,0.124567870311286,0.124297934507647,0.117150893988801,0.114917591219734,0.126237507179851,0.109189355244186,0.102446435923423,0.105815103744186,0.134672543893533,0.115004485533608,0.122696451872597,0.114567357599098,0.099244384919408,0.111785230971131,0.128056578213651,0.122704507235564
cg26162695,0.0117331458127844,0.0222477547701853,0.00590107724512212,0.0116286647216619,0.0173639012842335,0.0211864999644529,0.0141911501176346,0.0109985345052897,0.0154002941420279,0.0117999831649117,0.0189024284366927,0.0165673537371313,0.0122102280799715,0.0162417665428332,0.0128308198422382,0.0152293089390614
cg26394940,0.026597112403271,0.0758419220419503,0.0291823537792545,0.0359717624623528,0.0394431241108719,0.0365880252878163,0.12662960411484,0.0477604692140859,0.0598216395790243,0.0747844951664954,0.0371309058259741,0.0823923254747851,0.0400639360896971,0.0333979312046117,0.0436417494147724,0.0235113112222299
cg26456957,0.0448340019078837,0.0515215359504794,0.0429506379557734,0.0539884784828329,0.0442777917891858,0.0532930092333421,0.0518349642184777,0.0440343856559761,0.0468518623868865,0.0519998119196132,0.0478149654500474,0.0604071751200576,0.0530414456364559,0.0527703190458417,0.0636604271149291,0.0623855189393465
cg26614073,0.413491977449055,0.44399386889012,0.381964175747858,0.301366181598286,0.403248625641519,0.305322242226143,0.449100999222343,0.328300051191514,0.524333213421214,0.502955546130821,0.355900483630608,0.518503840754979,0.290830269278591,0.395033963188074,0.38045242181594,0.420171737935565
cg26723847,0.0422384516022395,0.0454841440404597,0.0656340134004236,0.0655550544456481,0.0696518856736268,0.0857121037505585,0.0509680090277749,0.0737320169824155,0.0621193341278748,0.0475792523099381,0.0715428360821796,0.0520761653522419,0.0422402477418598,0.0627167400439255,0.036583905075664,0.051175712809159
cg26824091,0.0521540902701749,0.0555647126213178,0.0556231192311253,0.0432595350091358,0.0349113491120779,0.0322052734227795,0.0303898989106004,0.0362045201186791,0.0329073876294261,0.0397399474305893,0.043034240190688,0.024703096686958,0.0611666560716546,0.0233578426418979,0.023322183908451,0.0560989208437316
cg27015931,0.173247713166911,0.17914745035773,0.183092893556754,0.193681536799282,0.193874156588167,0.142191258349946,0.169064047612265,0.164748689127181,0.202275605687634,0.185570143256097,0.19175460993666,0.218512472558938,0.166310753804032,0.189191530138814,0.189930486895182,0.147179504885262
cg27016307,0.45762363263629,0.485220206778867,0.53754297623689,0.539435166244378,0.541279008937507,0.566540069430861,0.563443980585598,0.521417776713357,0.48457901057737,0.520424466332539,0.507116614814292,0.515849827606831,0.509180950261992,0.506850652440368,0.512749265143701,0.475157545324391
cg27202708,0.510882875467238,0.396385550436593,0.378772392639507,0.496081507429699,0.233275697855415,0.482037359655619,0.459294927747951,0.510525297387671,0.441163047361546,0.35567762242848,0.479759049964991,0.523475310211212,0.456640928974977,0.467267592715356,0.470955364095501,0.328719758810682
cg27544190,0.140663532230092,0.143661147937433,0.189534206275793,0.15142899890485,0.12681456571976,0.192715297955239,0.140084885618522,0.212558078368529,0.154531584554181,0.148809730781138,0.123804537249778,0.154836458898603,0.0991030038738063,0.122216794457433,0.132643682770906,0.146654703247569
